query,expected_response,predicted_response,is_exact_match
a91300000006000100000002,a9130000000400010103,a9130000000400010101,False
9d4400000006000300000002,9d44000000070003040000caeb,9d4400000007000304ffffffff,False
f4e7000000060001fffc0002,f4e700000003008102,f4e700000003008102,True
5d88000000060003fffc0002,5d8800000003008302,5d8800000003008302,True
67ca000000060005fffdff00,67ca00000003008502,67ca00000003008502,True
8e430000000600017dd10002,8e4300000003008102,8e4300000003008102,True
3930000000060001fffd0001,393000000003008102,393000000003008102,True
5928000000090010001a000102a61f,5928000000060010001a0001,5928000000060010001a0001,True
07e8000000090010002800010246eb,07e800000003009002,07e800000003009002,True
c07000000006000100000001,c0700000000400010101,c0700000000400010101,True
58930000000600050028ff00,589300000003008502,589300000003008502,True
0c9a00000006000100260001,0c9a0000000400010100,0c9a0000000400010101,False
58cd0000000b0010001f0002040000cc4e,58cd000000060010001f0002,58cd000000060010001f0002,True
040e000000060001d1ff0002,040e00000003008102,040e00000003008102,True
f769000000060005fffcff00,f76900000003008502,f76900000003008502,True
6fa200000006000100280002,6fa200000003008102,6fa200000003008102,True
a75e000000060001fffc0002,a75e00000003008102,a75e00000003008102,True
2ee80000000b0010fffc000204ffffffff,2ee800000003009002,2ee800000003009002,True
fead00000006000500000000,fead00000006000500000000,fead00000006000500000000,True
84d2000000060006fffe2b39,84d200000003008602,84d200000003008602,True
b4d500000006000300280002,b4d500000003008302,b4d500000003008302,True
2b0d000000060006fffe82c6,2b0d00000003008602,2b0d00000003008602,True
82d40000000600050028ff00,82d400000003008502,82d400000003008502,True
231300000006000394490002,231300000003008302,231300000003008302,True
369900000006000300130001,3699000000050003020000,3699000000050003020000,True
7a4300000006000100030002,7a430000000400010100,7a430000000400010102,False
b1dc0000000600056eb7ff00,b1dc00000003008502,b1dc00000003008502,True
c827000000060003c4500002,c82700000003008302,c82700000003008302,True
0a3900000006000300260001,0a39000000050003020000,0a3900000005000302ffff,False
608800000006000341dd0001,608800000003008302,608800000003008302,True
694900000006000300000001,6949000000050003020000,6949000000050003020000,True
d52f00000006000100280002,d52f00000003008102,d52f00000003008102,True
faca00000006000300000002,faca0000000700030400000000,faca00000007000304ffff0000,False
2cc300000006000300250002,2cc30000000700030400000000,2cc300000007000304ffff0000,False
72f30000000b00100025000204ffffa2d8,72f300000006001000250002,72f300000006001000250002,True
4e1b0000000900100026000102795c,4e1b00000006001000260001,4e1b00000006001000260001,True
390a00000006000501a8ff00,390a00000003008502,390a00000003008502,True
b23c0000000b00100028000204ffff0000,b23c00000003009002,b23c00000003009002,True
2726000000060003fffc0002,272600000003008302,272600000003008302,True
14230000000b00100025000204ffffffff,142300000006001000250002,142300000006001000250002,True
a870000000060001cbd10002,a87000000003008102,a87000000003008102,True
4fc000000006000100080001,4fc00000000400010100,4fc00000000400010100,True
05e9000000060005fffcff00,05e900000003008502,05e900000003008502,True
32a90000000600050028ff00,32a900000003008502,32a900000003008502,True
bcdc000000060001001e0001,bcdc0000000400010100,bcdc0000000400010101,False
239f000000060001fffd0001,239f00000003008102,239f00000003008102,True
7e100000000b001000250002040f94ffff,7e1000000006001000250002,7e1000000006001000250002,True
987000000006000300270001,9870000000050003020000,987000000005000302ffff,False
186b0000000b00100028000204ffffb188,186b00000003009002,186b00000003009002,True
04f700000006000100120001,04f70000000400010100,04f70000000400010100,True
8c0600000006000300000002,8c060000000700030400000000,8c0600000007000304ffff0000,False
281100000006000300280001,281100000003008302,281100000003008302,True
2a89000000060001fffc0002,2a8900000003008102,2a8900000003008102,True
d092000000060003829d0001,d09200000003008302,d09200000003008302,True
8a2c0000000600059087ff00,8a2c00000003008502,8a2c00000003008502,True
273600000006000600272b64,273600000006000600272b64,273600000006000600272b64,True
18a10000000b0010afbb00020401ce01ce,18a100000003009002,18a100000003009002,True
b70c0000000b0010002800020400000000,b70c00000003009002,b70c00000003009002,True
595c000000060001fffc0002,595c00000003008102,595c00000003008102,True
2042000000060001fffd0001,204200000003008102,204200000003008102,True
8a8600000006000600006ef0,8a8600000006000600006ef0,8a8600000006000600006ef0,True
5df100000006000300280002,5df100000003008302,5df100000003008302,True
c30900000006000300250002,c309000000070003040000ac3d,c3090000000700030400000000,False
81e600000006000100280002,81e600000003008102,81e600000003008102,True
984300000008000f000000020100,984300000006000f00000002,984300000006000f00000002,True
01e900000006000100280001,01e900000003008102,01e900000003008102,True
87f60000000600050028ff00,87f600000003008502,87f600000003008502,True
83cb00000006000100250002,83cb0000000400010103,83cb0000000400010102,False
ba07000000060003fffd0001,ba0700000003008302,ba0700000003008302,True
3775000000060005fffcff00,377500000003008502,377500000003008502,True
00950000000b0010fffc000204ffff0000,009500000003009002,009500000003009002,True
a99f00000006000100000001,a99f0000000400010101,a99f0000000400010100,False
f90a00000006000100260001,f90a0000000400010100,f90a0000000400010100,True
201900000006000100130001,20190000000400010101,20190000000400010101,True
767a00000008000f000000020100,767a00000006000f00000002,767a00000006000f00000002,True
e875000000060001fffd0001,e87500000003008102,e87500000003008102,True
11d300000006000100280002,11d300000003008102,11d300000003008102,True
ea4c000000060001fffc0002,ea4c00000003008102,ea4c00000003008102,True
26eb0000000b001000280002040000ffff,26eb00000003009002,26eb00000003009002,True
5ad200000006000300280002,5ad200000003008302,5ad200000003008302,True
7bf70000000b0010002800020400000000,7bf700000003009002,7bf700000003009002,True
86a100000009001000000001020000,86a100000006001000000001,86a100000006001000000001,True
afe20000000600050028ff00,afe200000003008502,afe200000003008502,True
9442000000060001d1ff0002,944200000003008102,944200000003008102,True
4a2c00000009001000000001027ded,4a2c00000006001000000001,4a2c00000006001000000001,True
ba9d0000000b00100028000204a10f0000,ba9d00000003009002,ba9d00000003009002,True
529100000006000600000b2a,529100000006000600000b2a,529100000006000600000b2a,True
be880000000b001000030002040000db80,be8800000006001000030002,be8800000006001000030002,True
70ab00000006000300000002,70ab00000007000304ba7d0000,70ab00000007000304ffffffff,False
1023000000060001fffe0001,102300000003008102,102300000003008102,True
156800000006000300280002,156800000003008302,156800000003008302,True
e2100000000600062de13fcd,e21000000003008602,e21000000003008602,True
35c300000008000f002500020103,35c300000006000f00250002,35c300000006000f00250002,True
34740000000b001000280002040a15ffff,347400000003009002,347400000003009002,True
27410000000b00105be3000204e3e8e3e8,274100000003009002,274100000003009002,True
a438000000060003cd910001,a43800000003008302,a43800000003008302,True
0439000000060001fffd0001,043900000003008102,043900000003008102,True
0aef000000060003fffc0002,0aef00000003008302,0aef00000003008302,True
544400000006000100000001,54440000000400010100,54440000000400010101,False
b8d00000000600050c90ff00,b8d000000003008502,b8d000000003008502,True
55a500000008000f002600010101,55a500000006000f00260001,55a500000006000f00260001,True
a0fd0000000600057048ff00,a0fd00000003008502,a0fd00000003008502,True
572e00000006000300260001,572e00000005000302ffff,572e000000050003020000,False
0001000000060005fffcff00,000100000003008502,000100000003008502,True
085d000000060001214d0001,085d00000003008102,085d00000003008102,True
449e00000006000300000002,449e0000000700030433b633b6,449e000000070003040000ffff,False
a928000000060005137aff00,a92800000003008502,a92800000003008502,True
bb97000000060001fffc0002,bb9700000003008102,bb9700000003008102,True
3ba900000006000100270001,3ba90000000400010101,3ba90000000400010101,True
9b16000000060001fffc0002,9b1600000003008102,9b1600000003008102,True
b6d700000006000300250002,b6d700000007000304ffff0000,b6d700000007000304ffff0000,True
50c10000000900100028000102ffff,50c100000003009002,50c100000003009002,True
2a97000000060003000d0001,2a9700000005000302ffff,2a9700000005000302ffff,True
05440000000600053dddff00,054400000003008502,054400000003008502,True
0001000000060001fffd0001,000100000003008102,000100000003008102,True
a33b0000000b00100000000204ffffdf7e,a33b00000006001000000002,a33b00000006001000000002,True
b1b40000000600012b0e0002,b1b400000003008102,b1b400000003008102,True
72d90000000b00103847000204ffff5eed,72d900000003009002,72d900000003009002,True
86c000000006000300140002,86c000000007000304ffffffff,86c000000007000304ffff0000,False
fe2700000006000583cfff00,fe2700000003008502,fe2700000003008502,True
420900000006000300180002,420900000007000304ffff0000,420900000007000304ffffffff,False
51c70000000b0010a9840002040000ffff,51c700000003009002,51c700000003009002,True
d5120000000b00100025000204ffff232c,d51200000006001000250002,d51200000006001000250002,True
e86800000006000100260001,e8680000000400010101,e8680000000400010100,False
7c4d000000060005fffcff00,7c4d00000003008502,7c4d00000003008502,True
b66a00000006000300000002,b66a000000070003040000b44e,b66a00000007000304ffffffff,False
13c800000006000300250002,13c800000007000304b62f0000,13c80000000700030400000000,False
a88a0000000b00100025000204c2f10000,a88a00000006001000250002,a88a00000006001000250002,True
3f870000000600050028ff00,3f8700000003008502,3f8700000003008502,True
0ffc0000000b00100028000204a81ca81c,0ffc00000003009002,0ffc00000003009002,True
4713000000060003fffc0002,471300000003008302,471300000003008302,True
1c520000000b00100025000204ffffffff,1c5200000006001000250002,1c5200000006001000250002,True
15960000000b0010000c0002040000ffff,1596000000060010000c0002,1596000000060010000c0002,True
a3d700000006000500280000,a3d700000003008502,a3d700000003008502,True
727e000000060005e208ff00,727e00000003008502,727e00000003008502,True
6ff40000000b0010d9c300020400000000,6ff400000003009002,6ff400000003009002,True
d140000000060006fffe9c64,d14000000003008602,d14000000003008602,True
5308000000060005fffcff00,530800000003008502,530800000003008502,True
b359000000060005fffdff00,b35900000003008502,b35900000003008502,True
d39e0000000b0010002500020400000000,d39e00000006001000250002,d39e00000006001000250002,True
ad1d0000000600050028ff00,ad1d00000003008502,ad1d00000003008502,True
95fe000000060003fffc0002,95fe00000003008302,95fe00000003008302,True
16e60000000600014d580001,16e600000003008102,16e600000003008102,True
a2e3000000060005fffeff00,a2e300000003008502,a2e300000003008502,True
19a500000006000300000001,19a500000005000302ef80,19a500000005000302ffff,False
59280000000600050028ff00,592800000003008502,592800000003008502,True
000100000006000100280001,000100000003008102,000100000003008102,True
84d10000000b001000280002040000ffff,84d100000003009002,84d100000003009002,True
0cb40000000600050028ff00,0cb400000003008502,0cb400000003008502,True
5aac00000006000600275250,5aac00000006000600275250,5aac00000006000600275250,True
372900000006000300280002,372900000003008302,372900000003008302,True
9fb900000006000300280002,9fb900000003008302,9fb900000003008302,True
eb7800000006000695266f44,eb7800000003008602,eb7800000003008602,True
cbe1000000060001fffc0002,cbe100000003008102,cbe100000003008102,True
50dc00000006000100280001,50dc00000003008102,50dc00000003008102,True
19b000000006000100280002,19b000000003008102,19b000000003008102,True
2fa20000000600050028ff00,2fa200000003008502,2fa200000003008502,True
00010000000900100026000102d29e,000100000006001000260001,000100000006001000260001,True
a2a500000006000300250002,a2a500000007000304b2ea0000,a2a500000007000304ffffffff,False
e4c900000006000311490001,e4c900000003008302,e4c900000003008302,True
fe4b000000090010e1c70001020000,fe4b00000003009002,fe4b00000003009002,True
7976000000060001fffc0002,797600000003008102,797600000003008102,True
9f720000000b0010002800020491839183,9f7200000003009002,9f7200000003009002,True
d39700000006000300280002,d39700000003008302,d39700000003008302,True
02b400000006000300250002,02b400000007000304b62f0000,02b400000007000304ffffffff,False
d5390000000600050028ff00,d53900000003008502,d53900000003008502,True
b92d00000006000100000001,b92d0000000400010101,b92d0000000400010101,True
0cda000000060005fffdff00,0cda00000003008502,0cda00000003008502,True
af7000000006000300260001,af7000000005000302ffff,af70000000050003020000,False
da14000000060005fffe0000,da1400000003008502,da1400000003008502,True
813f000000060003251f0002,813f00000003008302,813f00000003008302,True
b67b00000006000100280001,b67b00000003008102,b67b00000003008102,True
39d500000006000600279dda,39d500000006000600279dda,39d500000006000600279dda,True
89e0000000060001fffd0001,89e000000003008102,89e000000003008102,True
39080000000b001075e50002040000ffff,390800000003009002,390800000003009002,True
0a5200000006000100280001,0a5200000003008102,0a5200000003008102,True
f8900000000b00100028000204ffffd07a,f89000000003009002,f89000000003009002,True
01b200000006000100000001,01b20000000400010100,01b20000000400010100,True
77cc0000000b00100000000204ffffffff,77cc00000006001000000002,77cc00000006001000000002,True
f8a400000006000101a80002,f8a400000003008102,f8a400000003008102,True
fdc200000006000100270001,fdc20000000400010100,fdc20000000400010100,True
4f66000000060001e35d0002,4f6600000003008102,4f6600000003008102,True
6c5e0000000600060000eff8,6c5e0000000600060000eff8,6c5e0000000600060000eff8,True
57730000000600050012ff00,57730000000600050012ff00,57730000000600050012ff00,True
e59d0000000b00100000000204d9d3d9d3,e59d00000006001000000002,e59d00000006001000000002,True
0717000000060006002765e1,0717000000060006002765e1,0717000000060006002765e1,True
2ef60000000b001000250002041a6c0000,2ef600000006001000250002,2ef600000006001000250002,True
5cd400000006000100120001,5cd40000000400010100,5cd40000000400010101,False
dee300000006000100110002,dee30000000400010103,dee30000000400010100,False
71110000000b001000050002040000ffff,711100000006001000050002,711100000006001000050002,True
ac8800000006000300000002,ac8800000007000304fa750000,ac8800000007000304ffffffff,False
41d100000006000300280002,41d100000003008302,41d100000003008302,True
333300000006000100280002,333300000003008102,333300000003008102,True
ae79000000060001145b0001,ae7900000003008102,ae7900000003008102,True
ad500000000b00100028000204ffff43e4,ad5000000003009002,ad5000000003009002,True
7936000000060005fffdff00,793600000003008502,793600000003008502,True
6ea9000000060003fffc0002,6ea900000003008302,6ea900000003008302,True
2a08000000060005ec9aff00,2a0800000003008502,2a0800000003008502,True
10c00000000600054c6fff00,10c000000003008502,10c000000003008502,True
7a30000000060003fffc0002,7a3000000003008302,7a3000000003008302,True
39c10000000600050028ff00,39c100000003008502,39c100000003008502,True
000000000006000300250002,0000000000070003040000ffff,000000000007000304ffffffff,False
1dfe00000008000f000000020103,1dfe00000006000f00000002,1dfe00000006000f00000002,True
00010000000600056dc0ff00,000100000003008502,000100000003008502,True
aead000000060005e262ff00,aead00000003008502,aead00000003008502,True
e7e60000000600050028ff00,e7e600000003008502,e7e600000003008502,True
718f00000006000100280001,718f00000003008102,718f00000003008102,True
ec9000000006000137050002,ec9000000003008102,ec9000000003008102,True
7fa10000000b0010fffc00020458ed0000,7fa100000003009002,7fa100000003009002,True
4df100000006000300000002,4df100000007000304ffff0000,4df100000007000304ffffffff,False
f3f600000006000100000001,f3f60000000400010100,f3f60000000400010100,True
8e7800000006000100280002,8e7800000003008102,8e7800000003008102,True
7c670000000b0010001400020424cc24cc,7c6700000006001000140002,7c6700000006001000140002,True
ea35000000060003b5de0002,ea3500000003008302,ea3500000003008302,True
1b510000000b00105d12000204cae4cae4,1b5100000003009002,1b5100000003009002,True
9def000000060005fffdff00,9def00000003008502,9def00000003008502,True
068c0000000600050028ff00,068c00000003008502,068c00000003008502,True
5ec500000006000535d8ff00,5ec500000003008502,5ec500000003008502,True
b62400000006000100280001,b62400000003008102,b62400000003008102,True
b10200000006000193a60002,b10200000003008102,b10200000003008102,True
2f3f00000006000100260001,2f3f0000000400010100,2f3f0000000400010100,True
74f000000006000338470002,74f000000003008302,74f000000003008302,True
1b700000000600016fa40001,1b7000000003008102,1b7000000003008102,True
15e000000006000300180002,15e0000000070003040000ffff,15e0000000070003040000ffff,True
f250000000060003000f0001,f25000000005000302ffff,f250000000050003020000,False
2fa600000006000300280002,2fa600000003008302,2fa600000003008302,True
af4600000006000300060001,af4600000005000302fdf3,af46000000050003020000,False
f64500000006000300280002,f64500000003008302,f64500000003008302,True
be8b00000008000f000400010100,be8b00000006000f00040001,be8b00000006000f00040001,True
7d17000000060001000f0001,7d170000000400010101,7d170000000400010101,True
7aec00000006000100280001,7aec00000003008102,7aec00000003008102,True
464b0000000600034d040002,464b00000003008302,464b00000003008302,True
5ebb00000006000100000002,5ebb0000000400010100,5ebb0000000400010103,False
8f9f00000008000f000000010101,8f9f00000006000f00000001,8f9f00000006000f00000001,True
63fe00000006000362540001,63fe00000003008302,63fe00000003008302,True
aba1000000060005fffe0000,aba100000003008502,aba100000003008502,True
00000000000600050028ff00,000000000003008502,000000000003008502,True
a4ed0000000b0010c6b900020400000000,a4ed00000003009002,a4ed00000003009002,True
6a9d000000060001aaf30001,6a9d00000003008102,6a9d00000003008102,True
5ad800000006000300000002,5ad8000000070003040000ffff,5ad800000007000304ffffffff,False
0f26000000060001fffc0002,0f2600000003008102,0f2600000003008102,True
c9b50000000600050028ff00,c9b500000003008502,c9b500000003008502,True
ee6500000009001000000001020000,ee6500000006001000000001,ee6500000006001000000001,True
dea9000000060005fffdff00,dea900000003008502,dea900000003008502,True
0001000000060005fffdff00,000100000003008502,000100000003008502,True
6e940000000600050028ff00,6e9400000003008502,6e9400000003008502,True
989900000006000300280002,989900000003008302,989900000003008302,True
c5a6000000090010fffd0001020000,c5a600000003009002,c5a600000003009002,True
a8a900000006000100280002,a8a900000003008102,a8a900000003008102,True
9b8100000008000f001c00020100,9b8100000006000f001c0002,9b8100000006000f001c0002,True
8afd000000060003fffc0002,8afd00000003008302,8afd00000003008302,True
96060000000b001000250002044c8effff,960600000006001000250002,960600000006001000250002,True
0a24000000060003fffd0001,0a2400000003008302,0a2400000003008302,True
bbf40000000b00100003000204ffff0000,bbf400000006001000030002,bbf400000006001000030002,True
6f4f00000006000110190002,6f4f00000003008102,6f4f00000003008102,True
d83900000006000300280001,d83900000003008302,d83900000003008302,True
34ad000000060001fffd0001,34ad00000003008102,34ad00000003008102,True
fd010000000600050028ff00,fd0100000003008502,fd0100000003008502,True
5c720000000600050028ff00,5c7200000003008502,5c7200000003008502,True
36ac000000060005fffe0000,36ac00000003008502,36ac00000003008502,True
e48d00000006000300160001,e48d00000005000302ffff,e48d00000005000302ffff,True
35970000000600036e2f0001,359700000003008302,359700000003008302,True
dff500000009001000260001020000,dff500000006001000260001,dff500000006001000260001,True
5bf400000006000300000001,5bf4000000050003020000,5bf4000000050003020000,True
f9db00000006000300280001,f9db00000003008302,f9db00000003008302,True
e8950000000b0010fffc0002040000ffff,e89500000003009002,e89500000003009002,True
bd95000000060001fffd0001,bd9500000003008102,bd9500000003008102,True
a15d00000008000f000000020100,a15d00000006000f00000002,a15d00000006000f00000002,True
a17c0000000b0010000800020400006a2f,a17c00000006001000080002,a17c00000006001000080002,True
9a8d00000006000100250002,9a8d0000000400010100,9a8d0000000400010102,False
a6ba0000000900100026000102ddbb,a6ba00000006001000260001,a6ba00000006001000260001,True
d50d0000000b001000250002040000ffff,d50d00000006001000250002,d50d00000006001000250002,True
5e50000000060001214d0001,5e5000000003008102,5e5000000003008102,True
805900000008000f001a00020100,805900000006000f001a0002,805900000006000f001a0002,True
8d3200000008000f000000020101,8d3200000006000f00000002,8d3200000006000f00000002,True
1d61000000060005fffdff00,1d6100000003008502,1d6100000003008502,True
6a370000000b00100000000204ffff0000,6a3700000006001000000002,6a3700000006001000000002,True
952e00000008000f000200010100,952e00000006000f00020001,952e00000006000f00020001,True
fb25000000060001000d0002,fb250000000400010100,fb250000000400010102,False
70b200000006000501a8ff00,70b200000003008502,70b200000003008502,True
b7af00000006000517ceff00,b7af00000003008502,b7af00000003008502,True
4dda0000000600055e54ff00,4dda00000003008502,4dda00000003008502,True
60990000000b00100028000204ffff0000,609900000003009002,609900000003009002,True
ca9a00000008000f002500020103,ca9a00000006000f00250002,ca9a00000006000f00250002,True
268700000006000300280002,268700000003008302,268700000003008302,True
0efe00000006000100000002,0efe0000000400010101,0efe0000000400010100,False
42c400000006000300150001,42c400000005000302ffff,42c400000005000302ffff,True
290a00000008000f002500020101,290a00000006000f00250002,290a00000006000f00250002,True
b6aa00000006000100250002,b6aa0000000400010100,b6aa0000000400010101,False
48ed00000008000f000000010100,48ed00000006000f00000001,48ed00000006000f00000001,True
9b7a0000000b001000280002049183ffff,9b7a00000003009002,9b7a00000003009002,True
962a000000090010fffd000102ffff,962a00000003009002,962a00000003009002,True
c57f00000006000100000001,c57f0000000400010101,c57f0000000400010101,True
658600000006000100280001,658600000003008102,658600000003008102,True
888c0000000b0010b79b00020400000000,888c00000003009002,888c00000003009002,True
03710000000600050028ff00,037100000003008502,037100000003008502,True
ae01000000060001fffc0002,ae0100000003008102,ae0100000003008102,True
8b17000000060005fffdff00,8b1700000003008502,8b1700000003008502,True
e2e0000000060001a4f80001,e2e000000003008102,e2e000000003008102,True
86d9000000060003f9140002,86d900000003008302,86d900000003008302,True
d81b000000060003000c0002,d81b000000070003041dffffff,d81b00000007000304ffff0000,False
409400000006000100280002,409400000003008102,409400000003008102,True
8e800000000b0010067a000204ffff58ed,8e8000000003009002,8e8000000003009002,True
f0b7000000060005001b0000,f0b7000000060005001b0000,f0b7000000060005001b0000,True
a6d200000006000100280001,a6d200000003008102,a6d200000003008102,True
5f660000000b00100028000204ffffffff,5f6600000003009002,5f6600000003009002,True
5d14000000060001fffc0002,5d1400000003008102,5d1400000003008102,True
49840000000b0010f914000204ffff0000,498400000003009002,498400000003009002,True
507200000006000300280002,507200000003008302,507200000003008302,True
6e4f0000000600050028ff00,6e4f00000003008502,6e4f00000003008502,True
feee00000009001000000001020000,feee00000006001000000001,feee00000006001000000001,True
9a230000000b001000250002040000ffff,9a2300000006001000250002,9a2300000006001000250002,True
a12a00000006000100250002,a12a0000000400010101,a12a0000000400010101,True
d4780000000600034a6f0002,d47800000003008302,d47800000003008302,True
159000000008000f000c00010101,159000000006000f000c0001,159000000006000f000c0001,True
74b1000000060001aaf30001,74b100000003008102,74b100000003008102,True
098300000006000100000001,09830000000400010100,09830000000400010100,True
8bae00000009001000280001020000,8bae00000003009002,8bae00000003009002,True
785500000006000154d80002,785500000003008102,785500000003008102,True
3a1a000000060003d9e50001,3a1a00000003008302,3a1a00000003008302,True
d14f00000006000100280002,d14f00000003008102,d14f00000003008102,True
9fe60000000600013fda0001,9fe600000003008102,9fe600000003008102,True
00010000000900100000000102ffff,000100000006001000000001,000100000006001000000001,True
2fce000000060005001c0000,2fce000000060005001c0000,2fce000000060005001c0000,True
e9f900000006000100250002,e9f90000000400010103,e9f90000000400010103,True
9b20000000060003fffc0002,9b2000000003008302,9b2000000003008302,True
a77c000000060005fffe0000,a77c00000003008502,a77c00000003008502,True
2e3b0000000b0010fffc0002040000ffff,2e3b00000003009002,2e3b00000003009002,True
ea8100000008000f001700020101,ea8100000006000f00170002,ea8100000006000f00170002,True
175a000000060005fffcff00,175a00000003008502,175a00000003008502,True
0c3500000006000100250002,0c350000000400010103,0c350000000400010102,False
69160000000b0010000a000204ffffffff,6916000000060010000a0002,6916000000060010000a0002,True
ea63000000060003fffd0001,ea6300000003008302,ea6300000003008302,True
7144000000060001fffd0001,714400000003008102,714400000003008102,True
592000000006000300250002,5920000000070003040000ffff,5920000000070003040000ffff,True
a49b0000000b001000280002045e75ffff,a49b00000003009002,a49b00000003009002,True
e89d0000000b0010000e000204f875f875,e89d000000060010000e0002,e89d000000060010000e0002,True
90900000000b00100025000204ffff2136,909000000006001000250002,909000000006001000250002,True
a9da00000006000100280001,a9da00000003008102,a9da00000003008102,True
dd270000000600050028ff00,dd2700000003008502,dd2700000003008502,True
1fc100000006000100280002,1fc100000003008102,1fc100000003008102,True
96a90000000b00100019000204ffff0000,96a900000006001000190002,96a900000006001000190002,True
0199000000060003fffc0002,019900000003008302,019900000003008302,True
d0470000000b001000000002040000bcd5,d04700000006001000000002,d04700000006001000000002,True
76d0000000060001fffd0001,76d000000003008102,76d000000003008102,True
c06500000006000101a80002,c06500000003008102,c06500000003008102,True
002700000005002b0e0100,002700000021002b0e018300000300045741474f01073735302d383831020830332e30312e3032,002700000021002b0e01830000030004,False
128f000000060001001e0001,128f0000000400010101,128f0000000400010100,False
0d0d00000006000300000002,0d0d000000070003040000ffff,0d0d00000007000304ffffffff,False
b1210000000600051573ff00,b12100000003008502,b12100000003008502,True
94030000000b0010002800020400000000,940300000003009002,940300000003009002,True
cfac0000000600050028ff00,cfac00000003008502,cfac00000003008502,True
105f0000000b00100025000204b2eab2ea,105f00000006001000250002,105f00000006001000250002,True
3f5b000000060003fffc0002,3f5b00000003008302,3f5b00000003008302,True
550000000006000100260001,55000000000400010101,55000000000400010101,True
00010000000b0010a984000204b92db92d,000100000003009002,000100000003009002,True
a569000000060003fffe0001,a56900000003008302,a56900000003008302,True
0e8800000006000186fc0001,0e8800000003008102,0e8800000003008102,True
efe9000000060001838f0002,efe900000003008102,efe900000003008102,True
b45d0000000b0010fffc00020400002698,b45d00000003009002,b45d00000003009002,True
3d550000000b0010000d0002040000ffff,3d55000000060010000d0002,3d55000000060010000d0002,True
212b000000060003d9c30002,212b00000003008302,212b00000003008302,True
1d1000000006000100270001,1d100000000400010101,1d100000000400010101,True
55c80000000b0010fffc000204ffff0000,55c800000003009002,55c800000003009002,True
8e490000000b00100000000204ffff3f3c,8e4900000006001000000002,8e4900000006001000000002,True
9710000000060001fffc0002,971000000003008102,971000000003008102,True
f29000000006000100230002,f2900000000400010100,f2900000000400010103,False
307700000008000f000000020103,307700000006000f00000002,307700000006000f00000002,True
4445000000060001fffc0002,444500000003008102,444500000003008102,True
4a1100000006000535d8ff00,4a1100000003008502,4a1100000003008502,True
f0ad000000060003001a0001,f0ad000000050003020000,f0ad00000005000302ffff,False
9970000000090010001e000102ffff,9970000000060010001e0001,9970000000060010001e0001,True
d8230000000b0010000d000204289e0000,d823000000060010000d0002,d823000000060010000d0002,True
a9d6000000060003fffe0001,a9d600000003008302,a9d600000003008302,True
c8e200000006000100280002,c8e200000003008102,c8e200000003008102,True
01670000000b00100028000204ffffffff,016700000003009002,016700000003009002,True
3e5000000006000300250002,3e5000000007000304ffff3cbe,3e500000000700030400000000,False
a75900000006000100000001,a7590000000400010101,a7590000000400010100,False
e16c0000000600051019ff00,e16c00000003008502,e16c00000003008502,True
e25a0000000b001000000002040000ffff,e25a00000006001000000002,e25a00000006001000000002,True
002400000005002b0e0100,002400000021002b0e018300000300045741474f01073735302d383831020830332e30312e3032,002400000021002b0e01830000030004,False
7400000000060005fffeff00,740000000003008502,740000000003008502,True
7c0800000006000300280002,7c0800000003008302,7c0800000003008302,True
92f9000000060005743eff00,92f900000003008502,92f900000003008502,True
f8db00000006000100000001,f8db0000000400010101,f8db0000000400010100,False
cc42000000060003c1630001,cc4200000003008302,cc4200000003008302,True
f0410000000b001000250002040000a2d8,f04100000006001000250002,f04100000006001000250002,True
00000000000b00100025000204232c232c,000000000006001000250002,000000000006001000250002,True
c60b000000060001001c0002,c60b0000000400010101,c60b0000000400010103,False
377300000006000501a8ff00,377300000003008502,377300000003008502,True
57090000000600034d040002,570900000003008302,570900000003008302,True
0282000000060001fffc0002,028200000003008102,028200000003008102,True
dd3f00000008000f000000020102,dd3f00000006000f00000002,dd3f00000006000f00000002,True
e74000000006000100250002,e7400000000400010102,e7400000000400010102,True
ef8d0000000b00100016000204ffff0000,ef8d00000006001000160002,ef8d00000006001000160002,True
3839000000060003fffc0002,383900000003008302,383900000003008302,True
000000000006000100280001,000000000003008102,000000000003008102,True
46f600000008000f000000020102,46f600000006000f00000002,46f600000006000f00000002,True
a9880000000b0010ef02000204ffff0000,a98800000003009002,a98800000003009002,True
ad130000000b00100028000204ffff0000,ad1300000003009002,ad1300000003009002,True
bd0700000006000300000002,bd070000000700030459bcffff,bd0700000007000304ffff0000,False
a94e00000006000300000001,a94e00000005000302d316,a94e00000005000302ffff,False
0c0600000006000300000001,0c06000000050003020000,0c0600000005000302ffff,False
c3c300000006000300280002,c3c300000003008302,c3c300000003008302,True
b87a000000060001e2620002,b87a00000003008102,b87a00000003008102,True
700d00000006000500000000,700d00000006000500000000,700d00000006000500000000,True
b9eb000000060005a4f8ff00,b9eb00000003008502,b9eb00000003008502,True
81fb0000000b001000140002040000f8de,81fb00000006001000140002,81fb00000006001000140002,True
38e70000000b0010fffc000204ffffffff,38e700000003009002,38e700000003009002,True
5eb40000000600011ea10001,5eb400000003008102,5eb400000003008102,True
35ea00000006000300280002,35ea00000003008302,35ea00000003008302,True
74dd000000060001fffe0001,74dd00000003008102,74dd00000003008102,True
367d000000060003001e0002,367d000000070003048215a044,367d0000000700030400000000,False
a7e700000006000100160001,a7e70000000400010100,a7e70000000400010101,False
0dc800000006000100280002,0dc800000003008102,0dc800000003008102,True
8be00000000b0010002500020400000000,8be000000006001000250002,8be000000006001000250002,True
9a9a0000000b00100025000204ffffffff,9a9a00000006001000250002,9a9a00000006001000250002,True
7e8b000000060003fffd0001,7e8b00000003008302,7e8b00000003008302,True
545c00000006000300260001,545c00000005000302ffff,545c000000050003020000,False
1cb8000000060003fffc0002,1cb800000003008302,1cb800000003008302,True
687300000006000300250002,68730000000700030400000000,68730000000700030400000000,True
466e00000006000300250002,466e0000000700030481ef0000,466e0000000700030400000000,False
7d9600000006000100280001,7d9600000003008102,7d9600000003008102,True
c032000000060003fffe0001,c03200000003008302,c03200000003008302,True
a60a0000000b0010001b0002040000ffff,a60a000000060010001b0002,a60a000000060010001b0002,True
03990000000b00100025000204ffff0000,039900000006001000250002,039900000006001000250002,True
51e4000000060001ec9a0002,51e400000003008102,51e400000003008102,True
566200000006000100280001,566200000003008102,566200000003008102,True
d91500000006000300280002,d91500000003008302,d91500000003008302,True
cd0e00000006000100270001,cd0e0000000400010101,cd0e0000000400010100,False
8b630000000b0010001f000204ffffcc4e,8b63000000060010001f0002,8b63000000060010001f0002,True
05cb0000000600050028ff00,05cb00000003008502,05cb00000003008502,True
dec2000000060005fffdff00,dec200000003008502,dec200000003008502,True
157000000006000100250002,15700000000400010102,15700000000400010101,False
257000000008000f002500020100,257000000006000f00250002,257000000006000f00250002,True
7ead000000060001fffc0002,7ead00000003008102,7ead00000003008102,True
f9020000000600050028ff00,f90200000003008502,f90200000003008502,True
172f00000006000100010001,172f0000000400010101,172f0000000400010100,False
58bf0000000b0010002800020443e443e4,58bf00000003009002,58bf00000003009002,True
527500000006000300250002,52750000000700030441144114,5275000000070003040000ffff,False
cb73000000060003000f0002,cb7300000007000304ffff0000,cb7300000007000304ffffffff,False
aa780000000600050028ff00,aa7800000003008502,aa7800000003008502,True
bbe900000006000300110001,bbe9000000050003020000,bbe9000000050003020000,True
2d540000000600050028ff00,2d5400000003008502,2d5400000003008502,True
0d820000000600050028ff00,0d8200000003008502,0d8200000003008502,True
d2bc0000000b00100000000204ffff1b54,d2bc00000006001000000002,d2bc00000006001000000002,True
3041000000060005fffdff00,304100000003008502,304100000003008502,True
cb6900000006000100270001,cb690000000400010101,cb690000000400010101,True
272200000006000300250001,2722000000050003020000,272200000005000302ffff,False
793600000006000300000002,793600000007000304ffff737f,79360000000700030400000000,False
131f0000000600050028ff00,131f00000003008502,131f00000003008502,True
ae4b00000006000100030001,ae4b0000000400010100,ae4b0000000400010101,False
7e390000000900100026000102ffff,7e3900000006001000260001,7e3900000006001000260001,True
ceff0000000900100028000102f16b,ceff00000003009002,ceff00000003009002,True
da3b000000060005fffcff00,da3b00000003008502,da3b00000003008502,True
cbf60000000600050028ff00,cbf600000003008502,cbf600000003008502,True
bee1000000060001fffd0001,bee100000003008102,bee100000003008102,True
bc3500000008000f000000020103,bc3500000006000f00000002,bc3500000006000f00000002,True
4cac000000060005fffdff00,4cac00000003008502,4cac00000003008502,True
4e11000000060005fffcff00,4e1100000003008502,4e1100000003008502,True
896900000006000300020001,89690000000500030202d2,89690000000500030202d2,True
eace0000000600050028ff00,eace00000003008502,eace00000003008502,True
d74d00000006000300280002,d74d00000003008302,d74d00000003008302,True
ae0600000006000100000002,ae060000000400010101,ae060000000400010101,True
000000000006000500070000,000000000006000500070000,000000000006000500070000,True
307a00000006000100260001,307a0000000400010101,307a0000000400010100,False
1fb4000000060003508a0002,1fb400000003008302,1fb400000003008302,True
30f7000000060003fffd0001,30f700000003008302,30f700000003008302,True
211a0000000600052b0eff00,211a00000003008502,211a00000003008502,True
eb100000000b001000280002046cb36cb3,eb1000000003009002,eb1000000003009002,True
1d4f0000000b0010fffc000204a9cd0000,1d4f00000003009002,1d4f00000003009002,True
a15600000006000100000001,a1560000000400010100,a1560000000400010101,False
ad03000000060001ef460001,ad0300000003008102,ad0300000003008102,True
1fc8000000060001fffc0002,1fc800000003008102,1fc800000003008102,True
66f300000006000100280002,66f300000003008102,66f300000003008102,True
7001000000060005fffcff00,700100000003008502,700100000003008502,True
90f300000006000100110002,90f30000000400010102,90f30000000400010101,False
11ca0000000b00100000000204ffff0000,11ca00000006001000000002,11ca00000006001000000002,True
a69400000006000300110002,a69400000007000304ffff4d39,a6940000000700030400000000,False
2fac00000006000100280001,2fac00000003008102,2fac00000003008102,True
6c8700000006000300280001,6c8700000003008302,6c8700000003008302,True
898a000000060005137e0000,898a00000003008502,898a00000003008502,True
fc26000000060003fffc0002,fc2600000003008302,fc2600000003008302,True
bda700000006000300280001,bda700000003008302,bda700000003008302,True
000000000006000300130002,0000000000070003040d040000,000000000007000304ffffffff,False
7142000000060001145b0001,714200000003008102,714200000003008102,True
b89400000009001000000001028928,b89400000006001000000001,b89400000006001000000001,True
ffc6000000060001f5080002,ffc600000003008102,ffc600000003008102,True
e881000000090010fffd000102ffff,e88100000003009002,e88100000003009002,True
bc800000000b0010000500020400000000,bc8000000006001000050002,bc8000000006001000050002,True
2a4700000006000300280002,2a4700000003008302,2a4700000003008302,True
66dc000000060001fffc0002,66dc00000003008102,66dc00000003008102,True
dc880000000b001000060002040000ffff,dc8800000006001000060002,dc8800000006001000060002,True
b0770000000b00100003000204b639ffff,b07700000006001000030002,b07700000006001000030002,True
618500000008000f001a00020103,618500000006000f001a0002,618500000006000f001a0002,True
9e6600000006000300280002,9e6600000003008302,9e6600000003008302,True
85000000000b0010859c00020400000000,850000000003009002,850000000003009002,True
8bdc000000060001c3630001,8bdc00000003008102,8bdc00000003008102,True
f41600000006000100280001,f41600000003008102,f41600000003008102,True
6ca30000000b001000000002040000ffff,6ca300000006001000000002,6ca300000006001000000002,True
16720000000600050028ff00,167200000003008502,167200000003008502,True
b4710000000b0010c05400020400000000,b47100000003009002,b47100000003009002,True
2ccf00000006000100000002,2ccf0000000400010102,2ccf0000000400010100,False
de3b0000000600050028ff00,de3b00000003008502,de3b00000003008502,True
c2ab000000060006fffeae7a,c2ab00000003008602,c2ab00000003008602,True
926e0000000600057048ff00,926e00000003008502,926e00000003008502,True
7f8700000006000300280002,7f8700000003008302,7f8700000003008302,True
5fb100000006000300280001,5fb100000003008302,5fb100000003008302,True
02e7000000060003fffc0002,02e700000003008302,02e700000003008302,True
739f00000006000152c80002,739f00000003008102,739f00000003008102,True
ff010000000b001000280002040a160a16,ff0100000003009002,ff0100000003009002,True
dba90000000600050028ff00,dba900000003008502,dba900000003008502,True
8eac000000060005fffdff00,8eac00000003008502,8eac00000003008502,True
fa050000000b00100000000204ffff0000,fa0500000006001000000002,fa0500000006001000000002,True
cbdb000000060003e0dd0002,cbdb00000003008302,cbdb00000003008302,True
2064000000060003fffc0002,206400000003008302,206400000003008302,True
4b110000000b0010fffc0002040613ffff,4b1100000003009002,4b1100000003009002,True
aaf9000000060006d0dd6b6c,aaf900000003008602,aaf900000003008602,True
549c0000000600055231ff00,549c00000003008502,549c00000003008502,True
b1b200000006000300140002,b1b200000007000304f8def9b5,b1b200000007000304ffff0000,False
a2820000000600052884ff00,a28200000003008502,a28200000003008502,True
f0b7000000060005e9a5ff00,f0b700000003008502,f0b700000003008502,True
ab050000000b001000250002045835ffff,ab0500000006001000250002,ab0500000006001000250002,True
53a400000006000300000002,53a400000007000304ecbeffff,53a400000007000304ffff0000,False
3399000000060003fffd0001,339900000003008302,339900000003008302,True
40ad0000000b00105d120002040000cae4,40ad00000003009002,40ad00000003009002,True
956a00000006000100280001,956a00000003008102,956a00000003008102,True
adbb00000006000600289297,adbb00000003008602,adbb00000003008602,True
18b200000008000f000000010100,18b200000006000f00000001,18b200000006000f00000001,True
56fd000000060003d9c30002,56fd00000003008302,56fd00000003008302,True
ad7f00000006000100280002,ad7f00000003008102,ad7f00000003008102,True
934200000006000300260001,9342000000050003027b4f,9342000000050003020000,False
534e00000006000300050001,534e00000005000302ffff,534e000000050003020000,False
b5d700000009001000000001020000,b5d700000006001000000001,b5d700000006001000000001,True
40d70000000600050027ff00,40d70000000600050027ff00,40d70000000600050027ff00,True
e38f0000000b0010fffc00020400000000,e38f00000003009002,e38f00000003009002,True
0d18000000060003042e0002,0d1800000003008302,0d1800000003008302,True
e6b800000006000500270000,e6b800000006000500270000,e6b800000006000500270000,True
ca5100000006000300280002,ca5100000003008302,ca5100000003008302,True
9bf50000000600052a44ff00,9bf500000003008502,9bf500000003008502,True
da0e00000006000500280000,da0e00000003008502,da0e00000003008502,True
827600000006000300000001,8276000000050003020000,8276000000050003020000,True
f72f00000006000300260001,f72f00000005000302ffff,f72f00000005000302ffff,True
68a50000000b0010001a0002040000ffff,68a5000000060010001a0002,68a5000000060010001a0002,True
cc9600000006000100280001,cc9600000003008102,cc9600000003008102,True
454c000000060001838f0002,454c00000003008102,454c00000003008102,True
a4150000000b0010fffc000204b546ffff,a41500000003009002,a41500000003009002,True
2c2400000006000100260001,2c240000000400010100,2c240000000400010100,True
035600000006000300250002,035600000007000304cbceffff,03560000000700030400000000,False
bdb6000000060005fffcff00,bdb600000003008502,bdb600000003008502,True
c9ba00000006000100280002,c9ba00000003008102,c9ba00000003008102,True
49ce000000060001fffc0002,49ce00000003008102,49ce00000003008102,True
94dd00000006000300000002,94dd000000070003040000df7e,94dd00000007000304ffffffff,False
8f9900000006000300000002,8f99000000070003043235ffff,8f990000000700030400000000,False
1fec0000000b0010001b000204ffff0000,1fec000000060010001b0002,1fec000000060010001b0002,True
950c00000008000f000f00010100,950c00000006000f000f0001,950c00000006000f000f0001,True
dbfc0000000600050028ff00,dbfc00000003008502,dbfc00000003008502,True
0f4d00000006000500000000,0f4d00000006000500000000,0f4d00000006000500000000,True
56300000000900100000000102ffff,563000000006001000000001,563000000006001000000001,True
f490000000060003067a0002,f49000000003008302,f49000000003008302,True
3f61000000060001fffd0001,3f6100000003008102,3f6100000003008102,True
0fad000000060001c1620001,0fad00000003008102,0fad00000003008102,True
8b2200000006000300000001,8b2200000005000302ffff,8b22000000050003020000,False
387a00000008000f000a00020100,387a00000006000f000a0002,387a00000006000f000a0002,True
680300000006000100030001,68030000000400010100,68030000000400010100,True
14d400000006000100280001,14d400000003008102,14d400000003008102,True
19a80000000600055876ff00,19a800000003008502,19a800000003008502,True
31ef000000060001fffc0002,31ef00000003008102,31ef00000003008102,True
0b18000000060001fffc0002,0b1800000003008102,0b1800000003008102,True
86b10000000600050028ff00,86b100000003008502,86b100000003008502,True
4d430000000b0010002800020400000000,4d4300000003009002,4d4300000003009002,True
d77400000006000300000001,d774000000050003020000,d77400000005000302ffff,False
ed4a0000000600050028ff00,ed4a00000003008502,ed4a00000003008502,True
1bf0000000090010fffd000102ffff,1bf000000003009002,1bf000000003009002,True
ab380000000600050028ff00,ab3800000003008502,ab3800000003008502,True
0788000000060005214dff00,078800000003008502,078800000003008502,True
fd240000000b0010000c000204ffff0000,fd24000000060010000c0002,fd24000000060010000c0002,True
1cb2000000090010fffd0001020000,1cb200000003009002,1cb200000003009002,True
f52900000006000100280001,f52900000003008102,f52900000003008102,True
3e0200000006000300280001,3e0200000003008302,3e0200000003008302,True
c47c000000060005fffcff00,c47c00000003008502,c47c00000003008502,True
d83d000000090010fffd00010259f0,d83d00000003009002,d83d00000003009002,True
53680000000b0010fffc0002040a160a16,536800000003009002,536800000003009002,True
241b0000000b0010fffc00020400000000,241b00000003009002,241b00000003009002,True
0c260000000600053cbaff00,0c2600000003008502,0c2600000003008502,True
b7fb00000006000300260001,b7fb00000005000302ffff,b7fb000000050003020000,False
e8d3000000060005fffe0000,e8d300000003008502,e8d300000003008502,True
3d8c0000000b0010d9c3000204ffffeed3,3d8c00000003009002,3d8c00000003009002,True
5e0400000006000300260001,5e04000000050003022136,5e0400000005000302ffff,False
7d8400000008000f002500020101,7d8400000006000f00250002,7d8400000006000f00250002,True
b1e700000008000f000000010101,b1e700000006000f00000001,b1e700000006000f00000001,True
8f1c000000060003d9c30002,8f1c00000003008302,8f1c00000003008302,True
f79b00000006000100280002,f79b00000003008102,f79b00000003008102,True
e170000000060005fffdff00,e17000000003008502,e17000000003008502,True
7e5500000006000184d90001,7e5500000003008102,7e5500000003008102,True
d2b10000000b001000280002040000ffff,d2b100000003009002,d2b100000003009002,True
6f0f0000000600059d41ff00,6f0f00000003008502,6f0f00000003008502,True
a8f30000000b0010002800020400000000,a8f300000003009002,a8f300000003009002,True
816b00000006000300000002,816b0000000700030415c4ffff,816b0000000700030400000000,False
01cf0000000b0010384700020400005eed,01cf00000003009002,01cf00000003009002,True
b80000000006000300000002,b80000000007000304b44effff,b8000000000700030400000000,False
1eee00000006000100280002,1eee00000003008102,1eee00000003008102,True
af4b0000000600050027ff00,af4b0000000600050027ff00,af4b0000000600050027ff00,True
0f3d00000006000125770002,0f3d00000003008102,0f3d00000003008102,True
3e36000000060001fffd0001,3e3600000003008102,3e3600000003008102,True
7f0f00000008000f002600010100,7f0f00000006000f00260001,7f0f00000006000f00260001,True
fda600000006000300270001,fda600000005000302c8cd,fda6000000050003020000,False
223500000006000100000002,22350000000400010100,22350000000400010102,False
309a00000008000f002500020102,309a00000006000f00250002,309a00000006000f00250002,True
5389000000060001fffc0002,538900000003008102,538900000003008102,True
fc23000000060003b79b0002,fc2300000003008302,fc2300000003008302,True
0001000000060003fffc0002,000100000003008302,000100000003008302,True
917f000000060003251f0002,917f00000003008302,917f00000003008302,True
cc2d00000008000f001700020103,cc2d00000006000f00170002,cc2d00000006000f00170002,True
a3fa00000008000f000000020100,a3fa00000006000f00000002,a3fa00000006000f00000002,True
966f00000006000100000002,966f0000000400010100,966f0000000400010101,False
4c36000000060005145bff00,4c3600000003008502,4c3600000003008502,True
1c3a0000000b00100025000204ffff1d59,1c3a00000006001000250002,1c3a00000006001000250002,True
5e5f000000060001fffd0001,5e5f00000003008102,5e5f00000003008102,True
d29300000006000300250002,d293000000070003040000ffff,d29300000007000304ffff0000,False
dcd200000006000100200002,dcd20000000400010100,dcd20000000400010102,False
c75400000006000100060002,c7540000000400010100,c7540000000400010101,False
2cce00000006000365cc0002,2cce00000003008302,2cce00000003008302,True
3928000000060003000d0002,392800000007000304c72bc72b,39280000000700030400000000,False
38e1000000060003508a0002,38e100000003008302,38e100000003008302,True
e8d60000000600060027d020,e8d60000000600060027d020,e8d60000000600060027d020,True
e83000000008000f001200020103,e83000000006000f00120002,e83000000006000f00120002,True
2f56000000060001fffd0001,2f5600000003008102,2f5600000003008102,True
8aeb00000006000100280002,8aeb00000003008102,8aeb00000003008102,True
df9f00000006000300000001,df9f00000005000302737f,df9f000000050003020000,False
26d40000000900105f60000102ad51,26d400000003009002,26d400000003009002,True
6ba800000009001000280001024041,6ba800000003009002,6ba800000003009002,True
75050000000600038c7b0001,750500000003008302,750500000003008302,True
edfb000000060005fffcff00,edfb00000003008502,edfb00000003008502,True
cac6000000060005fffcff00,cac600000003008502,cac600000003008502,True
97a700000006000332e50002,97a700000003008302,97a700000003008302,True
7492000000060001fffe0001,749200000003008102,749200000003008102,True
8043000000060001000e0001,80430000000400010100,80430000000400010100,True
d63200000006000117ce0002,d63200000003008102,d63200000003008102,True
79d30000000600051164ff00,79d300000003008502,79d300000003008502,True
e7210000000b0010002500020400000000,e72100000006001000250002,e72100000006001000250002,True
001900000005002b0e0100,001900000021002b0e018300000300045741474f01073735302d383831020830332e30312e3032,001900000021002b0e01830000030004,False
ad2400000009001065c2000102bc30,ad2400000003009002,ad2400000003009002,True
a12d00000006000375e50002,a12d00000003008302,a12d00000003008302,True
38280000000900100000000102ffff,382800000006001000000001,382800000006001000000001,True
9f900000000b0010fffc000204ffffffff,9f9000000003009002,9f9000000003009002,True
71e2000000060003b79b0002,71e200000003008302,71e200000003008302,True
89ee00000008000f000000010100,89ee00000006000f00000001,89ee00000006000f00000001,True
beb400000006000312ef0002,beb400000003008302,beb400000003008302,True
000000000006000101a80002,000000000003008102,000000000003008102,True
8bee0000000b001000140002040000ffff,8bee00000006001000140002,8bee00000006001000140002,True
e8540000000b0010fffc000204cab70000,e85400000003009002,e85400000003009002,True
058500000006000345cf0002,058500000003008302,058500000003008302,True
e535000000060006fffe4eef,e53500000003008602,e53500000003008602,True
0a420000000b001000000002047ad90000,0a4200000006001000000002,0a4200000006001000000002,True
c0d200000006000100000001,c0d20000000400010101,c0d20000000400010100,False
e1a8000000060006fffe0f46,e1a800000003008602,e1a800000003008602,True
27e800000006000150a50002,27e800000003008102,27e800000003008102,True
6fe3000000060003fffc0002,6fe300000003008302,6fe300000003008302,True
20420000000b00100025000204db8effff,204200000006001000250002,204200000006001000250002,True
e7de00000008000f000000020101,e7de00000006000f00000002,e7de00000006000f00000002,True
3f1f000000060005fffcff00,3f1f00000003008502,3f1f00000003008502,True
69ac0000000b0010002500020462ebffff,69ac00000006001000250002,69ac00000006001000250002,True
e26200000006000300000001,e26200000005000302ffff,e262000000050003020000,False
00000000000b00100000000204ffff0000,000000000006001000000002,000000000006001000000002,True
409c00000008000f000600020100,409c00000006000f00060002,409c00000006000f00060002,True
000900000005002b0e0100,000900000021002b0e018300000300045741474f01073735302d383831020830332e30312e3032,000900000021002b0e01830000030004,False
46900000000600050028ff00,469000000003008502,469000000003008502,True
ed72000000060001fffc0002,ed7200000003008102,ed7200000003008102,True
36440000000b001000000002040000ffff,364400000006001000000002,364400000006001000000002,True
827900000006000300250002,8279000000070003040000ffff,82790000000700030400000000,False
934c00000006000300280002,934c00000003008302,934c00000003008302,True
5b5d00000006000100250002,5b5d0000000400010101,5b5d0000000400010100,False
e07600000006000300130001,e076000000050003020000,e076000000050003020000,True
6b9700000006000300030002,6b97000000070003047ffb0000,6b970000000700030400000000,False
ca3900000006000300260001,ca3900000005000302ffff,ca3900000005000302ffff,True
23f000000006000300000001,23f0000000050003020000,23f0000000050003020000,True
ddf5000000060001fffd0001,ddf500000003008102,ddf500000003008102,True
092c0000000600050000ff00,092c0000000600050000ff00,092c0000000600050000ff00,True
7f020000000b00100019000204fffff155,7f0200000006001000190002,7f0200000006001000190002,True
47830000000b0010000c0002040000f1fa,4783000000060010000c0002,4783000000060010000c0002,True
7a3b0000000600050000ff00,7a3b0000000600050000ff00,7a3b0000000600050000ff00,True
b7af0000000600035be30002,b7af00000003008302,b7af00000003008302,True
ef790000000b0010001a0002040000631c,ef79000000060010001a0002,ef79000000060010001a0002,True
726800000006000100000001,72680000000400010101,72680000000400010100,False
2552000000060001fffd0001,255200000003008102,255200000003008102,True
dccb00000006000300120001,dccb00000005000302ffff,dccb00000005000302ffff,True
3605000000060003fffd0001,360500000003008302,360500000003008302,True
bed7000000060001fffc0002,bed700000003008102,bed700000003008102,True
1ba200000008000f000000010100,1ba200000006000f00000001,1ba200000006000f00000001,True
ffaf00000006000148640001,ffaf00000003008102,ffaf00000003008102,True
b74a0000000600050028ff00,b74a00000003008502,b74a00000003008502,True
36ad00000006000148640001,36ad00000003008102,36ad00000003008102,True
3de3000000060003001d0001,3de3000000050003027d51,3de3000000050003020000,False
cc3900000006000300280002,cc3900000003008302,cc3900000003008302,True
f80500000008000f002500020101,f80500000006000f00250002,f80500000006000f00250002,True
558100000008000f000000020100,558100000006000f00000002,558100000006000f00000002,True
d6b200000006000100280002,d6b200000003008102,d6b200000003008102,True
13200000000b00100000000204ffff0000,132000000006001000000002,132000000006001000000002,True
944a0000000b00100028000204ffff0000,944a00000003009002,944a00000003009002,True
a5e400000006000300280001,a5e400000003008302,a5e400000003008302,True
9c8e0000000b001000250002047bcf0000,9c8e00000006001000250002,9c8e00000006001000250002,True
fe49000000090010fffd0001020000,fe4900000003009002,fe4900000003009002,True
d79a00000006000300000002,d79a0000000700030400003235,d79a00000007000304ffff0000,False
6810000000060005e9a5ff00,681000000003008502,681000000003008502,True
6ec9000000060003fffd0001,6ec900000003008302,6ec900000003008302,True
c78700000006000500000000,c78700000006000500000000,c78700000006000500000000,True
61de000000060001fffc0002,61de00000003008102,61de00000003008102,True
793900000006000300000002,793900000007000304000083b9,79390000000700030400000000,False
d3f30000000b00100025000204ffff0000,d3f300000006001000250002,d3f300000006001000250002,True
ce5c000000060001abb70001,ce5c00000003008102,ce5c00000003008102,True
1df8000000060001fffd0001,1df800000003008102,1df800000003008102,True
9247000000060005c653ff00,924700000003008502,924700000003008502,True
c10e00000006000100280001,c10e00000003008102,c10e00000003008102,True
1abb000000060003a9840002,1abb00000003008302,1abb00000003008302,True
589a000000060001fffc0002,589a00000003008102,589a00000003008102,True
ed3d000000060003fffc0002,ed3d00000003008302,ed3d00000003008302,True
92e300000006000500280000,92e300000003008502,92e300000003008502,True
dc1900000009001000000001020000,dc1900000006001000000001,dc1900000006001000000001,True
ddd700000006000300220001,ddd7000000050003020000,ddd700000005000302ffff,False
8d84000000060003fffd0001,8d8400000003008302,8d8400000003008302,True
2d980000000600016df70001,2d9800000003008102,2d9800000003008102,True
89f100000006000300260001,89f100000005000302ffff,89f100000005000302ffff,True
cd1b00000006000300130002,cd1b000000070003040000ffff,cd1b00000007000304ffffffff,False
1c720000000b0010c054000204ffff0000,1c7200000003009002,1c7200000003009002,True
14c9000000060001d7fd0001,14c900000003008102,14c900000003008102,True
52110000000900100026000102cfcb,521100000006001000260001,521100000006001000260001,True
016d00000006000300280002,016d00000003008302,016d00000003008302,True
b3700000000b0010001100020400000000,b37000000006001000110002,b37000000006001000110002,True
000000000006000100000002,00000000000400010100,00000000000400010103,False
fd9f0000000b00100000000204df7e0000,fd9f00000006001000000002,fd9f00000006001000000002,True
3e92000000060001fffc0002,3e9200000003008102,3e9200000003008102,True
5bcd000000060003c6b90002,5bcd00000003008302,5bcd00000003008302,True
a7c5000000060001000b0002,a7c50000000400010103,a7c50000000400010101,False
a9700000000600050028ff00,a97000000003008502,a97000000003008502,True
32ce0000000900100026000102ffff,32ce00000006001000260001,32ce00000006001000260001,True
5714000000060001a4960002,571400000003008102,571400000003008102,True
1dbc00000006000100280001,1dbc00000003008102,1dbc00000003008102,True
7b4800000009001000280001024127,7b4800000003009002,7b4800000003009002,True
a271000000060005fffe0000,a27100000003008502,a27100000003008502,True
00000000000900100000000102ffff,000000000006001000000001,000000000006001000000001,True
4d8600000006000300260001,4d8600000005000302ffff,4d8600000005000302ffff,True
47d700000006000100190001,47d70000000400010101,47d70000000400010101,True
1e190000000600050013ff00,1e190000000600050013ff00,1e190000000600050013ff00,True
2bb700000006000300080002,2bb7000000070003046a2f7836,2bb700000007000304ffff0000,False
47340000000b001000140002040000ffff,473400000006001000140002,473400000006001000140002,True
30c9000000060003afbb0002,30c900000003008302,30c900000003008302,True
99640000000600051b6cff00,996400000003008502,996400000003008502,True
334f0000000b00103ac800020400000000,334f00000003009002,334f00000003009002,True
f3f80000000600050028ff00,f3f800000003008502,f3f800000003008502,True
f9c2000000060005fffcff00,f9c200000003008502,f9c200000003008502,True
4350000000060003fffc0002,435000000003008302,435000000003008302,True
8adb000000060003fffc0002,8adb00000003008302,8adb00000003008302,True
da2100000006000300280001,da2100000003008302,da2100000003008302,True
b2f40000000b00100025000204ffff0000,b2f400000006001000250002,b2f400000006001000250002,True
5f06000000060003fffc0002,5f0600000003008302,5f0600000003008302,True
3a7d000000060005fffdff00,3a7d00000003008502,3a7d00000003008502,True
0001000000060005fffcff00,000100000003008502,000100000003008502,True
62960000000b00100028000204ffff5eed,629600000003009002,629600000003009002,True
d10d00000006000300150001,d10d00000005000302ffff,d10d00000005000302ffff,True
387700000006000300000002,3877000000070003040000ffff,38770000000700030400000000,False
1ac20000000b00100028000204311f311f,1ac200000003009002,1ac200000003009002,True
8f7400000006000300280002,8f7400000003008302,8f7400000003008302,True
54440000000b0010f2a20002040000ffff,544400000003009002,544400000003009002,True
817800000008000f001a00020103,817800000006000f001a0002,817800000006000f001a0002,True
1e8e000000060003c4500002,1e8e00000003008302,1e8e00000003008302,True
e7b600000008000f000000020100,e7b600000006000f00000002,e7b600000006000f00000002,True
bc2d00000006000100260001,bc2d0000000400010100,bc2d0000000400010101,False
d22300000008000f002500020102,d22300000006000f00250002,d22300000006000f00250002,True
213e0000000b0010fffc00020400000000,213e00000003009002,213e00000003009002,True
df3900000008000f000000010101,df3900000006000f00000001,df3900000006000f00000001,True
55a90000000900100028000102ffff,55a900000003009002,55a900000003009002,True
880c000000060006fffe6caa,880c00000003008602,880c00000003008602,True
ec8600000006000300280001,ec8600000003008302,ec8600000003008302,True
843a0000000600050028ff00,843a00000003008502,843a00000003008502,True
33b8000000090010d518000102ffff,33b800000003009002,33b800000003009002,True
fae700000006000100280001,fae700000003008102,fae700000003008102,True
000100000006000315ea0001,000100000003008302,000100000003008302,True
3f240000000600035be30002,3f2400000003008302,3f2400000003008302,True
00000000000600050028ff00,000000000003008502,000000000003008502,True
99d1000000060001838f0002,99d100000003008102,99d100000003008102,True
443a0000000600057eefff00,443a00000003008502,443a00000003008502,True
903a00000006000100250002,903a0000000400010103,903a0000000400010102,False
0d4c00000006000300280002,0d4c00000003008302,0d4c00000003008302,True
f30e0000000b0010002800020400000000,f30e00000003009002,f30e00000003009002,True
4f7800000006000300000001,4f7800000005000302ffff,4f7800000005000302ffff,True
eec30000000b00100028000204f1b3f1b3,eec300000003009002,eec300000003009002,True
bbf90000000b00100000000204ffff10be,bbf900000006001000000002,bbf900000006001000000002,True
f08d00000006000100030001,f08d0000000400010100,f08d0000000400010100,True
68b0000000060001fffd0001,68b000000003008102,68b000000003008102,True
b60c00000006000300000002,b60c00000007000304ffff33b6,b60c00000007000304ffff0000,False
0fe30000000b00100014000204ffffffff,0fe300000006001000140002,0fe300000006001000140002,True
6d88000000090010fffd0001022f36,6d8800000003009002,6d8800000003009002,True
496800000006000100000002,49680000000400010102,49680000000400010103,False
f7db00000006000100260001,f7db0000000400010101,f7db0000000400010100,False
92e7000000060005145bff00,92e700000003008502,92e700000003008502,True
8c3f000000060001fffc0002,8c3f00000003008102,8c3f00000003008102,True
c92000000006000300250002,c920000000070003040000ffff,c920000000070003040000ffff,True
40590000000600050028ff00,405900000003008502,405900000003008502,True
0a0b0000000600012c850001,0a0b00000003008102,0a0b00000003008102,True
745800000006000300280002,745800000003008302,745800000003008302,True
6975000000060001fffc0002,697500000003008102,697500000003008102,True
8e210000000600057eefff00,8e2100000003008502,8e2100000003008502,True
866f00000006000300000002,866f0000000700030400000000,866f0000000700030400000000,True
607c00000006000300250002,607c00000007000304b2ea0000,607c00000007000304ffff0000,False
99fe00000006000100280001,99fe00000003008102,99fe00000003008102,True
874f000000060001fffd0001,874f00000003008102,874f00000003008102,True
e3b3000000060006000cbf72,e3b3000000060006000cbf72,e3b3000000060006000cbf70,False
4b4f000000060001fffd0001,4b4f00000003008102,4b4f00000003008102,True
2a4200000006000300280002,2a4200000003008302,2a4200000003008302,True
99f00000000b0010fffc000204f2f0f2f0,99f000000003009002,99f000000003009002,True
4ae60000000600050028ff00,4ae600000003008502,4ae600000003008502,True
4b89000000060001fffc0002,4b8900000003008102,4b8900000003008102,True
fb5800000006000100280001,fb5800000003008102,fb5800000003008102,True
e8ea00000006000300000001,e8ea00000005000302ffff,e8ea00000005000302ffff,True
00010000000b00100000000204ffffffff,000100000006001000000002,000100000006001000000002,True
7929000000060003d0dd0001,792900000003008302,792900000003008302,True
505000000006000300270001,5050000000050003029c8d,5050000000050003020000,False
587a0000000b0010002500020472d1ffff,587a00000006001000250002,587a00000006001000250002,True
d125000000060005fffdff00,d12500000003008502,d12500000003008502,True
be3a000000060005fffdff00,be3a00000003008502,be3a00000003008502,True
1fc5000000060005fffcff00,1fc500000003008502,1fc500000003008502,True
00010000000b00104858000204ffff0000,000100000003009002,000100000003009002,True
ff48000000060003b6cd0001,ff4800000003008302,ff4800000003008302,True
28d7000000060001fffd0001,28d700000003008102,28d700000003008102,True
2e3b000000060005fffdff00,2e3b00000003008502,2e3b00000003008502,True
84970000000600054d58ff00,849700000003008502,849700000003008502,True
5f89000000060003c4500002,5f8900000003008302,5f8900000003008302,True
ab7e00000008000f002600010101,ab7e00000006000f00260001,ab7e00000006000f00260001,True
b60e000000060005838fff00,b60e00000003008502,b60e00000003008502,True
5d9d000000060001fffc0002,5d9d00000003008102,5d9d00000003008102,True
353200000006000300000002,353200000007000304ffff3a64,3532000000070003040000ffff,False
7bb5000000060001fffd0001,7bb500000003008102,7bb500000003008102,True
99e80000000b0010fffc000204ffff757b,99e800000003009002,99e800000003009002,True
935700000006000300250002,9357000000070003044965ffff,93570000000700030400000000,False
a6ed0000000b00100000000204b44e0000,a6ed00000006001000000002,a6ed00000006001000000002,True
2f030000000b0010000c0002041dff0000,2f03000000060010000c0002,2f03000000060010000c0002,True
5854000000060001cd650001,585400000003008102,585400000003008102,True
3a2d000000060001001c0002,3a2d0000000400010101,3a2d0000000400010102,False
80a60000000b00100025000204e07fe07f,80a600000006001000250002,80a600000006001000250002,True
25b80000000b00100ed2000204dafdffff,25b800000003009002,25b800000003009002,True
c6980000000900100000000102ffff,c69800000006001000000001,c69800000006001000000001,True
28460000000b0010b5de000204ffff0000,284600000003009002,284600000003009002,True
34b90000000b00100025000204ffff7c64,34b900000006001000250002,34b900000006001000250002,True
e4c7000000060006001a539c,e4c7000000060006001a539c,e4c7000000060006001a539c,True
f5e7000000060006fffee92e,f5e700000003008602,f5e700000003008602,True
66d00000000b00100000000204ffff0000,66d000000006001000000002,66d000000006001000000002,True
b12500000006000500000000,b12500000006000500000000,b12500000006000500000000,True
c49d0000000b00100028000204ffffb546,c49d00000003009002,c49d00000003009002,True
15c800000006000100280001,15c800000003008102,15c800000003008102,True
9d0d0000000900104be7000102ffff,9d0d00000003009002,9d0d00000003009002,True
71fe00000006000300000002,71fe000000070003047ad97ad9,71fe0000000700030400000000,False
e4150000000b001000160002040000ffff,e41500000006001000160002,e41500000006001000160002,True
0988000000060006fffe1ff2,098800000003008602,098800000003008602,True
cb9900000006000100010001,cb990000000400010100,cb990000000400010101,False
167e0000000b00100028000204ffff0000,167e00000003009002,167e00000003009002,True
352400000006000500280000,352400000003008502,352400000003008502,True
9a7a0000000b0010000e0002040000f875,9a7a000000060010000e0002,9a7a000000060010000e0002,True
2001000000060003fffd0001,200100000003008302,200100000003008302,True
826c0000000b00100028000204728c728c,826c00000003009002,826c00000003009002,True
7f4d0000000b00100000000204b44effff,7f4d00000006001000000002,7f4d00000006001000000002,True
e4bd000000060001fffc0002,e4bd00000003008102,e4bd00000003008102,True
c46200000006000300000001,c46200000005000302ab6e,c462000000050003020000,False
e85c00000006000100000001,e85c0000000400010101,e85c0000000400010100,False
8af700000006000300000002,8af7000000070003040000ffff,8af70000000700030400000000,False
e4810000000600015d0c0001,e48100000003008102,e48100000003008102,True
29f400000006000100250002,29f40000000400010101,29f40000000400010103,False
ba64000000060005fffcff00,ba6400000003008502,ba6400000003008502,True
370c0000000600050028ff00,370c00000003008502,370c00000003008502,True
00100000000600050016ff00,00100000000600050016ff00,00100000000600050016ff00,True
00010000000b0010fffc00020400000000,000100000003009002,000100000003009002,True
8b4500000006000100280001,8b4500000003008102,8b4500000003008102,True
ecfb00000006000300000001,ecfb000000050003020000,ecfb00000005000302ffff,False
595100000008000f001500010101,595100000006000f00150001,595100000006000f00150001,True
165d00000006000300280001,165d00000003008302,165d00000003008302,True
7da400000009001000260001020000,7da400000006001000260001,7da400000006001000260001,True
9f8000000009001000260001020000,9f8000000006001000260001,9f8000000006001000260001,True
4821000000060003fffd0001,482100000003008302,482100000003008302,True
342f000000060001c1620001,342f00000003008102,342f00000003008102,True
4ce20000000b001012ef000204ffffffff,4ce200000003009002,4ce200000003009002,True
11c40000000600051965ff00,11c400000003008502,11c400000003008502,True
a1d900000008000f000e00020103,a1d900000006000f000e0002,a1d900000006000f000e0002,True
b8be00000006000300000001,b8be00000005000302ffff,b8be00000005000302ffff,True
91ff0000000b0010002800020491830000,91ff00000003009002,91ff00000003009002,True
4c4c00000006000100260001,4c4c0000000400010100,4c4c0000000400010101,False
0db900000006000300000002,0db900000007000304ffffffff,0db900000007000304ffffffff,True
c90600000006000500000000,c90600000006000500000000,c90600000006000500000000,True
63f6000000060001cf880001,63f600000003008102,63f600000003008102,True
577e00000006000300250002,577e0000000700030400007b7b,577e000000070003040000ffff,False
002a00000006000101a80002,002a00000003008102,002a00000003008102,True
ad37000000060001fffc0002,ad3700000003008102,ad3700000003008102,True
740e0000000b00100028000204ffff0000,740e00000003009002,740e00000003009002,True
57bd000000060003fffc0002,57bd00000003008302,57bd00000003008302,True
b72300000006000300250002,b7230000000700030400007c64,b72300000007000304ffff0000,False
7b6500000006000365cc0002,7b6500000003008302,7b6500000003008302,True
f83e000000090010fffd000102ffff,f83e00000003009002,f83e00000003009002,True
e1bd0000000600067b42566c,e1bd00000003008602,e1bd00000003008602,True
ed050000000600050028ff00,ed0500000003008502,ed0500000003008502,True
321300000006000152c80002,321300000003008102,321300000003008102,True
fa6400000006000300280002,fa6400000003008302,fa6400000003008302,True
86eb0000000b0010000c000204f1faffff,86eb000000060010000c0002,86eb000000060010000c0002,True
670c0000000900100028000102f895,670c00000003009002,670c00000003009002,True
0d6f0000000b0010000d000204c72bc72b,0d6f000000060010000d0002,0d6f000000060010000d0002,True
c4e300000006000300280002,c4e300000003008302,c4e300000003008302,True
486500000008000f001200010101,486500000006000f00120001,486500000006000f00120001,True
afd700000006000100000002,afd70000000400010103,afd70000000400010100,False
709a00000006000300000002,709a00000007000304ab6e0000,709a0000000700030400000000,False
10db00000006000300260001,10db00000005000302b5e5,10db00000005000302ffff,False
62ee00000006000338470002,62ee00000003008302,62ee00000003008302,True
364e000000060005fffcff00,364e00000003008502,364e00000003008502,True
23d2000000060005fffdff00,23d200000003008502,23d200000003008502,True
68ca00000006000100280002,68ca00000003008102,68ca00000003008102,True
a5c40000000b0010fffc0002040000ffff,a5c400000003009002,a5c400000003009002,True
5974000000060003ec120002,597400000003008302,597400000003008302,True
c91d000000060003910c0002,c91d00000003008302,c91d00000003008302,True
c10600000006000300250002,c106000000070003040000ec90,c10600000007000304ffffffff,False
1bd40000000b00100028000204728c0000,1bd400000003009002,1bd400000003009002,True
2e8c000000060005fffcff00,2e8c00000003008502,2e8c00000003008502,True
6a0700000006000100280002,6a0700000003008102,6a0700000003008102,True
15aa00000006000300250002,15aa0000000700030400007bcf,15aa000000070003040000ffff,False
b11200000006000100260001,b1120000000400010101,b1120000000400010101,True
5e0c0000000b0010c6b9000204b188b188,5e0c00000003009002,5e0c00000003009002,True
1b820000000600050014ff00,1b820000000600050014ff00,1b820000000600050014ff00,True
9d2c000000060001fffc0002,9d2c00000003008102,9d2c00000003008102,True
e1f1000000060001fffd0001,e1f100000003008102,e1f100000003008102,True
fede000000060003fffd0001,fede00000003008302,fede00000003008302,True
d64e0000000b0010fffc0002040000dafd,d64e00000003009002,d64e00000003009002,True
c00b0000000b00100028000204ffff0000,c00b00000003009002,c00b00000003009002,True
edd400000006000300120001,edd400000005000302ffff,edd400000005000302ffff,True
c23f00000006000300040002,c23f00000007000304ffff0000,c23f000000070003040000ffff,False
78e100000006000500270000,78e100000006000500270000,78e100000006000500270000,True
89b40000000900100003000102ffff,89b400000006001000030001,89b400000006001000030001,True
092500000008000f002500020103,092500000006000f00250002,092500000006000f00250002,True
fce20000000600060000dc6f,fce20000000600060000dc6f,fce20000000600060000dc6f,True
6b560000000b00100ed2000204ffffdafd,6b5600000003009002,6b5600000003009002,True
a634000000060003fffc0002,a63400000003008302,a63400000003008302,True
6f0000000006000100280002,6f0000000003008102,6f0000000003008102,True
5ecf000000060005c8a2ff00,5ecf00000003008502,5ecf00000003008502,True
b99b00000006000300280001,b99b00000003008302,b99b00000003008302,True
ac59000000060001fffc0002,ac5900000003008102,ac5900000003008102,True
9ca10000000600050028ff00,9ca100000003008502,9ca100000003008502,True
f8c400000006000100000002,f8c40000000400010103,f8c40000000400010101,False
d15200000006000100280002,d15200000003008102,d15200000003008102,True
37bc000000060001fffc0002,37bc00000003008102,37bc00000003008102,True
f0b0000000060001fffd0001,f0b000000003008102,f0b000000003008102,True
4e4c0000000600050027ff00,4e4c0000000600050027ff00,4e4c0000000600050027ff00,True
0c0b0000000b0010002500020400000000,0c0b00000006001000250002,0c0b00000006001000250002,True
e1940000000b0010859c000204ffff0000,e19400000003009002,e19400000003009002,True
fb8b0000000b0010002500020400000000,fb8b00000006001000250002,fb8b00000006001000250002,True
e4050000000600050028ff00,e40500000003008502,e40500000003008502,True
502b0000000b0010fffc0002040000b546,502b00000003009002,502b00000003009002,True
08d90000000b00100025000204ffff51b9,08d900000006001000250002,08d900000006001000250002,True
04400000000600050028ff00,044000000003008502,044000000003008502,True
ddc700000006000300250002,ddc70000000700030400000000,ddc700000007000304ffff4972,False
26060000000b00100006000204ffff9564,260600000006001000060002,260600000006001000060002,True
ed1200000006000100280002,ed1200000003008102,ed1200000003008102,True
aca900000006000300280001,aca900000003008302,aca900000003008302,True
6b0d0000000b0010fffc000204ffffffff,6b0d00000003009002,6b0d00000003009002,True
eb1000000006000100280001,eb1000000003008102,eb1000000003008102,True
ae050000000b0010fffc00020401ceffff,ae0500000003009002,ae0500000003009002,True
4e2d00000006000100280001,4e2d00000003008102,4e2d00000003008102,True
c550000000060001fffc0002,c55000000003008102,c55000000003008102,True
f7a000000006000300280001,f7a000000003008302,f7a000000003008302,True
98080000000b0010fffc0002045eedffff,980800000003009002,980800000003009002,True
3ff40000000b0010002500020495509550,3ff400000006001000250002,3ff400000006001000250002,True
74d2000000060001001c0002,74d20000000400010101,74d20000000400010100,False
cd8e0000000b00100028000204a4f0a4f0,cd8e00000003009002,cd8e00000003009002,True
e31f0000000600052884ff00,e31f00000003008502,e31f00000003008502,True
b96b000000090010fffd0001029985,b96b00000003009002,b96b00000003009002,True
4af3000000060003001b0002,4af3000000070003040000ffff,4af3000000070003040000ffff,True
e3c50000000b00100011000204ffff0000,e3c500000006001000110002,e3c500000006001000110002,True
c9dd0000000600050028ff00,c9dd00000003008502,c9dd00000003008502,True
5ee5000000060005fffcff00,5ee500000003008502,5ee500000003008502,True
5c780000000b0010d9c3000204eed3ffff,5c7800000003009002,5c7800000003009002,True
61a40000000b0010a984000204ffff0000,61a400000003009002,61a400000003009002,True
d3a8000000060003fffc0002,d3a800000003008302,d3a800000003008302,True
ea20000000060005f339ff00,ea2000000003008502,ea2000000003008502,True
6db60000000600053fdaff00,6db600000003008502,6db600000003008502,True
23580000000900104191000102ffff,235800000003009002,235800000003009002,True
c4bf0000000b00100013000204aee20000,c4bf00000006001000130002,c4bf00000006001000130002,True
7c13000000060005e596ff00,7c1300000003008502,7c1300000003008502,True
143000000006000300130002,143000000007000304d43524cc,143000000007000304ffff0000,False
af8c00000006000100250002,af8c0000000400010101,af8c0000000400010102,False
42ac0000000b0010001b0002040000fbad,42ac000000060010001b0002,42ac000000060010001b0002,True
16d70000000b0010000000020400000000,16d700000006001000000002,16d700000006001000000002,True
00000000000600050027ff00,00000000000600050027ff00,00000000000600050027ff00,True
8cee0000000900100002000102ffff,8cee00000006001000020001,8cee00000006001000020001,True
b037000000060005fffcff00,b03700000003008502,b03700000003008502,True
15f60000000600050028ff00,15f600000003008502,15f600000003008502,True
d1c00000000600050028ff00,d1c000000003008502,d1c000000003008502,True
52bd00000006000100280002,52bd00000003008102,52bd00000003008102,True
06d500000006000100280001,06d500000003008102,06d500000003008102,True
2a68000000060003fffc0002,2a6800000003008302,2a6800000003008302,True
4f890000000b0010c4500002040000ffff,4f8900000003009002,4f8900000003009002,True
149d000000060005fffcff00,149d00000003008502,149d00000003008502,True
0000000000060003fffe0001,000000000003008302,000000000003008302,True
52b100000006000100250002,52b10000000400010102,52b10000000400010102,True
cc95000000060001fffe0001,cc9500000003008102,cc9500000003008102,True
787000000008000f000000020101,787000000006000f00000002,787000000006000f00000002,True
e7f30000000600050028ff00,e7f300000003008502,e7f300000003008502,True
dab600000006000300000002,dab600000007000304ffff3235,dab600000007000304ffffffff,False
701b0000000600013ddd0001,701b00000003008102,701b00000003008102,True
4515000000060001fffe0001,451500000003008102,451500000003008102,True
6e890000000b0010000d000204ffff289e,6e89000000060010000d0002,6e89000000060010000d0002,True
6724000000060005fffdff00,672400000003008502,672400000003008502,True
23da0000000b0010fffc000204311f311f,23da00000003009002,23da00000003009002,True
85d1000000060001bdfd0001,85d100000003008102,85d100000003008102,True
300300000006000593a6ff00,300300000003008502,300300000003008502,True
59de00000006000100280002,59de00000003008102,59de00000003008102,True
dfb4000000060005e9a5ff00,dfb400000003008502,dfb400000003008502,True
79510000000600050028ff00,795100000003008502,795100000003008502,True
09a600000006000100280001,09a600000003008102,09a600000003008102,True
ae0700000008000f001f00010100,ae0700000006000f001f0001,ae0700000006000f001f0001,True
897600000006000100280001,897600000003008102,897600000003008102,True
6cfb00000006000300000002,6cfb0000000700030400000000,6cfb00000007000304ffffffff,False
a83e0000000600013d310001,a83e00000003008102,a83e00000003008102,True
f6070000000b0010000300020400000000,f60700000006001000030002,f60700000006001000030002,True
5bd100000006000300000002,5bd10000000700030400000000,5bd1000000070003040000ffff,False
5fbf00000006000139510002,5fbf00000003008102,5fbf00000003008102,True
2f710000000b0010859c0002040000a9cd,2f7100000003009002,2f7100000003009002,True
2a9800000008000f000000010101,2a9800000006000f00000001,2a9800000006000f00000001,True
3a63000000060001000a0002,3a630000000400010100,3a630000000400010102,False
e4ac0000000b0010fffc0002040000d894,e4ac00000003009002,e4ac00000003009002,True
ccd40000000b00100025000204404cffff,ccd400000006001000250002,ccd400000006001000250002,True
6eec00000006000300000002,6eec00000007000304e632ffff,6eec000000070003040000ffff,False
4da90000000b00100025000204ffff0000,4da900000006001000250002,4da900000006001000250002,True
f83400000006000100280002,f83400000003008102,f83400000003008102,True
cded0000000b00100000000204ffff0000,cded00000006001000000002,cded00000006001000000002,True
27d100000006000300000002,27d1000000070003042d770dcc,27d100000007000304ffff0000,False
d7780000000b0010002500020400001d59,d77800000006001000250002,d77800000006001000250002,True
cc280000000b0010000a000204ac90ac90,cc28000000060010000a0002,cc28000000060010000a0002,True
ae1c00000006000112a70002,ae1c00000003008102,ae1c00000003008102,True
8ea10000000b00100004000204966b966b,8ea100000006001000040002,8ea100000006001000040002,True
3aa40000000600053cbaff00,3aa400000003008502,3aa400000003008502,True
cd16000000060001fffc0002,cd1600000003008102,cd1600000003008102,True
aacd000000060003fffd0001,aacd00000003008302,aacd00000003008302,True
2e1b000000060003fffc0002,2e1b00000003008302,2e1b00000003008302,True
fa1c00000006000100280001,fa1c00000003008102,fa1c00000003008102,True
3bba00000006000300280002,3bba00000003008302,3bba00000003008302,True
9d34000000060005fffdff00,9d3400000003008502,9d3400000003008502,True
1d88000000060003fffc0002,1d8800000003008302,1d8800000003008302,True
e7410000000600050028ff00,e74100000003008502,e74100000003008502,True
588800000006000300250002,58880000000700030462eb62eb,5888000000070003040f94ffff,False
07040000000600053951ff00,070400000003008502,070400000003008502,True
9d9400000006000100000002,9d940000000400010103,9d940000000400010100,False
1f0e0000000600060019fe82,1f0e0000000600060019fe82,1f0e0000000600060019fe89,False
627400000008000f000000020103,627400000006000f00000002,627400000006000f00000002,True
c3c100000006000300190002,c3c1000000070003040000a61f,c3c10000000700030400000000,False
c2390000000b00100ed20002040000ffff,c23900000003009002,c23900000003009002,True
77c500000008000f002500020103,77c500000006000f00250002,77c500000006000f00250002,True
a2ef0000000600050028ff00,a2ef00000003008502,a2ef00000003008502,True
2b46000000060001fffc0002,2b4600000003008102,2b4600000003008102,True
2fe7000000060003fffc0002,2fe700000003008302,2fe700000003008302,True
7b7000000006000100000001,7b700000000400010101,7b700000000400010101,True
29c60000000b00100014000204ffff24cc,29c600000006001000140002,29c600000006001000140002,True
2c0f00000006000139510002,2c0f00000003008102,2c0f00000003008102,True
cc0f000000060005fffdff00,cc0f00000003008502,cc0f00000003008502,True
b49f0000000b0010002500020400000000,b49f00000006001000250002,b49f00000006001000250002,True
7a7c000000060001001a0002,7a7c0000000400010100,7a7c0000000400010101,False
ec38000000060005fffcff00,ec3800000003008502,ec3800000003008502,True
c56200000006000300000002,c56200000007000304ffffab6e,c5620000000700030400000000,False
43fe0000000600053951ff00,43fe00000003008502,43fe00000003008502,True
9dd5000000060003fffc0002,9dd500000003008302,9dd500000003008302,True
3ff9000000060003000d0002,3ff90000000700030400000000,3ff90000000700030400000000,True
cac400000006000100000001,cac40000000400010101,cac40000000400010101,True
d53c000000060003fffc0002,d53c00000003008302,d53c00000003008302,True
c840000000060001fffd0001,c84000000003008102,c84000000003008102,True
1ce0000000060003e4e50001,1ce000000003008302,1ce000000003008302,True
0ca1000000060003fffc0002,0ca100000003008302,0ca100000003008302,True
1c4c00000006000112a70002,1c4c00000003008102,1c4c00000003008102,True
5b80000000060006fffe5fb1,5b8000000003008602,5b8000000003008602,True
b5bc00000006000300280002,b5bc00000003008302,b5bc00000003008302,True
962500000006000100280002,962500000003008102,962500000003008102,True
00000000000600016dc00001,000000000003008102,000000000003008102,True
eb2a000000060003fffc0002,eb2a00000003008302,eb2a00000003008302,True
24cd000000060003000e0002,24cd0000000700030400000000,24cd00000007000304ffff0000,False
0aac0000000900100028000102c6c8,0aac00000003009002,0aac00000003009002,True
7d150000000600015cf10001,7d1500000003008102,7d1500000003008102,True
808300000008000f000000010100,808300000006000f00000001,808300000006000f00000001,True
f75c00000006000584d9ff00,f75c00000003008502,f75c00000003008502,True
fb9b00000006000300260001,fb9b00000005000302951f,fb9b00000005000302ffff,False
d06100000006000100280001,d06100000003008102,d06100000003008102,True
cf600000000600060000bbdd,cf600000000600060000bbdd,cf600000000600060000bbdd,True
3de90000000b00100000000204ffff0000,3de900000006001000000002,3de900000006001000000002,True
6ea10000000600034be70001,6ea100000003008302,6ea100000003008302,True
963f000000060005fffcff00,963f00000003008502,963f00000003008502,True
c57e0000000600016fa40001,c57e00000003008102,c57e00000003008102,True
22df0000000600050028ff00,22df00000003008502,22df00000003008502,True
c6f10000000600050028ff00,c6f100000003008502,c6f100000003008502,True
3577000000060003000d0002,357700000007000304ffffffff,35770000000700030400000000,False
e6e200000006000115730002,e6e200000003008102,e6e200000003008102,True
34e800000008000f000400010101,34e800000006000f00040001,34e800000006000f00040001,True
5c3d0000000b0010fffc000204757b757b,5c3d00000003009002,5c3d00000003009002,True
08d1000000060003001a0001,08d100000005000302632e,08d100000005000302ffff,False
67de0000000b0010c6b9000204ffffffff,67de00000003009002,67de00000003009002,True
e42600000006000300280002,e42600000003008302,e42600000003008302,True
4dbd0000000600050028ff00,4dbd00000003008502,4dbd00000003008502,True
c7da000000060005fffcff00,c7da00000003008502,c7da00000003008502,True
2bf80000000b00100025000204c3090000,2bf800000006001000250002,2bf800000006001000250002,True
074c00000009001000260001027b7b,074c00000006001000260001,074c00000006001000260001,True
bb0300000006000153140001,bb0300000003008102,bb0300000003008102,True
522c0000000b00100003000204ffffffff,522c00000006001000030002,522c00000006001000030002,True
97270000000b0010001e000204ffff0000,9727000000060010001e0002,9727000000060010001e0002,True
21fc00000008000f000000010101,21fc00000006000f00000001,21fc00000006000f00000001,True
a6cb000000060005fffeff00,a6cb00000003008502,a6cb00000003008502,True
4b6f00000006000100250002,4b6f0000000400010102,4b6f0000000400010103,False
02f30000000b0010001c000204ffffffff,02f3000000060010001c0002,02f3000000060010001c0002,True
66f900000006000300050001,66f9000000050003020000,66f9000000050003020000,True
061d00000006000100000001,061d0000000400010101,061d0000000400010100,False
081900000006000300280002,081900000003008302,081900000003008302,True
e49300000006000300060002,e49300000007000304fffffdf3,e493000000070003040000ffff,False
5dbb00000006000100250002,5dbb0000000400010102,5dbb0000000400010100,False
188f00000006000300000002,188f000000070003043235ffff,188f00000007000304ffff0000,False
87da00000006000300030001,87da00000005000302ffff,87da000000050003020000,False
e5b600000006000300260001,e5b600000005000302ffff,e5b6000000050003020000,False
c4dc000000060003fffe0001,c4dc00000003008302,c4dc00000003008302,True
950800000006000300250002,9508000000070003040000ffff,9508000000070003040000ffff,True
07a800000008000f001700020102,07a800000006000f00170002,07a800000006000f00170002,True
580d0000000600050000ff00,580d0000000600050000ff00,580d0000000600050000ff00,True
ee77000000060005fffdff00,ee7700000003008502,ee7700000003008502,True
569f00000006000100280002,569f00000003008102,569f00000003008102,True
2fdf00000006000100270001,2fdf0000000400010100,2fdf0000000400010100,True
8b5900000006000100030002,8b590000000400010100,8b590000000400010103,False
56ff000000060003000d0002,56ff00000007000304ffffffff,56ff0000000700030400000000,False
11c500000006000300280001,11c500000003008302,11c500000003008302,True
8621000000060005fffeff00,862100000003008502,862100000003008502,True
74a20000000600058ab5ff00,74a200000003008502,74a200000003008502,True
b2e9000000060005f508ff00,b2e900000003008502,b2e900000003008502,True
e1bd000000060003ec120002,e1bd00000003008302,e1bd00000003008302,True
0001000000060003fffc0002,000100000003008302,000100000003008302,True
817400000006000100280001,817400000003008102,817400000003008102,True
9747000000060001fffd0001,974700000003008102,974700000003008102,True
239d0000000600050028ff00,239d00000003008502,239d00000003008502,True
19170000000b0010000000020410be10be,191700000006001000000002,191700000006001000000002,True
b9010000000b00100028000204ffff0000,b90100000003009002,b90100000003009002,True
5fbb00000006000300000001,5fbb00000005000302ffff,5fbb000000050003020000,False
f29f00000006000100280002,f29f00000003008102,f29f00000003008102,True
83260000000600050028ff00,832600000003008502,832600000003008502,True
0f7c000000090010fffd000102ffff,0f7c00000003009002,0f7c00000003009002,True
393c00000008000f002600010101,393c00000006000f00260001,393c00000006000f00260001,True
e58d0000000b001000280002040000ffff,e58d00000003009002,e58d00000003009002,True
72a200000008000f002600010100,72a200000006000f00260001,72a200000006000f00260001,True
f9ee000000060003fffc0002,f9ee00000003008302,f9ee00000003008302,True
0daf00000006000300250002,0daf000000070003047bcf0000,0daf0000000700030400000000,False
96c90000000b001000250002043cbe3cbe,96c900000006001000250002,96c900000006001000250002,True
a3f100000006000332e50002,a3f100000003008302,a3f100000003008302,True
33f200000006000338470002,33f200000003008302,33f200000003008302,True
a976000000060005c162ff00,a97600000003008502,a97600000003008502,True
2639000000060003b79b0002,263900000003008302,263900000003008302,True
097f0000000b00100028000204b6a60000,097f00000003009002,097f00000003009002,True
cedf00000006000100250002,cedf0000000400010102,cedf0000000400010103,False
fb0f0000000600057048ff00,fb0f00000003008502,fb0f00000003008502,True
6442000000060005fffcff00,644200000003008502,644200000003008502,True
93b300000006000300270001,93b3000000050003020000,93b3000000050003020000,True
51f80000000900102ffb000102ffff,51f800000003009002,51f800000003009002,True
e17c00000006000100280002,e17c00000003008102,e17c00000003008102,True
297a000000060003000e0002,297a00000007000304ffffd53e,297a00000007000304ffff0000,False
863f0000000600050028ff00,863f00000003008502,863f00000003008502,True
41ca000000060005fffcff00,41ca00000003008502,41ca00000003008502,True
7a12000000060001fffc0002,7a1200000003008102,7a1200000003008102,True
f76200000006000300280002,f76200000003008302,f76200000003008302,True
319900000006000300280002,319900000003008302,319900000003008302,True
c6d80000000600050028ff00,c6d800000003008502,c6d800000003008502,True
606900000006000300260001,606900000005000302ffff,6069000000050003020000,False
b4dc000000060003fffd0001,b4dc00000003008302,b4dc00000003008302,True
7af000000006000300280001,7af000000003008302,7af000000003008302,True
f78300000006000300050002,f783000000070003040000ffff,f7830000000700030400000000,False
2fdc0000000b00100013000204ffffffff,2fdc00000006001000130002,2fdc00000006001000130002,True
56ff000000060003251f0002,56ff00000003008302,56ff00000003008302,True
a28000000006000300280001,a28000000003008302,a28000000003008302,True
a9e50000000b0010c45000020426980000,a9e500000003009002,a9e500000003009002,True
00270000000600050028ff00,002700000003008502,002700000003008502,True
a87800000006000111640001,a87800000003008102,a87800000003008102,True
fca500000006000100110002,fca50000000400010100,fca50000000400010101,False
44c500000006000100280002,44c500000003008102,44c500000003008102,True
d0a500000008000f000c00020103,d0a500000006000f000c0002,d0a500000006000f000c0002,True
6cdd00000006000300260001,6cdd00000005000302ffff,6cdd00000005000302ffff,True
ee40000000060003001d0002,ee400000000700030414fa7d51,ee4000000007000304ffff0000,False
3653000000060003fffc0002,365300000003008302,365300000003008302,True
068a0000000b0010002500020400000f94,068a00000006001000250002,068a00000006001000250002,True
3fb30000000600050028ff00,3fb300000003008502,3fb300000003008502,True
cc07000000060003fffe0001,cc0700000003008302,cc0700000003008302,True
1f9d000000060003fffd0001,1f9d00000003008302,1f9d00000003008302,True
61dd0000000b0010000000020400000000,61dd00000006001000000002,61dd00000006001000000002,True
3e2d000000060001ef460001,3e2d00000003008102,3e2d00000003008102,True
667d000000060005fffdff00,667d00000003008502,667d00000003008502,True
6c13000000060001f0820001,6c1300000003008102,6c1300000003008102,True
94b9000000060003fffc0002,94b900000003008302,94b900000003008302,True
3ee8000000060001000b0002,3ee80000000400010102,3ee80000000400010100,False
9a7a000000060003fffc0002,9a7a00000003008302,9a7a00000003008302,True
5252000000060001fffe0001,525200000003008102,525200000003008102,True
1302000000060005fffeff00,130200000003008502,130200000003008502,True
581e00000006000300250002,581e000000070003043cbeffff,581e000000070003040000ffff,False
d0f50000000b001032e5000204ffffffff,d0f500000003009002,d0f500000003009002,True
176800000006000100050001,17680000000400010101,17680000000400010101,True
dfc400000009001000280001020000,dfc400000003009002,dfc400000003009002,True
5d1700000006000100280002,5d1700000003008102,5d1700000003008102,True
6e4a000000060001000e0002,6e4a0000000400010101,6e4a0000000400010101,True
3f4c000000060005fffcff00,3f4c00000003008502,3f4c00000003008502,True
a1a20000000b0010fffc00020476d1ffff,a1a200000003009002,a1a200000003009002,True
b8f8000000060001c1620001,b8f800000003008102,b8f800000003008102,True
73a3000000060003fffd0001,73a300000003008302,73a300000003008302,True
c43000000006000300270001,c4300000000500030227f5,c43000000005000302ffff,False
7aa1000000060005fffdff00,7aa100000003008502,7aa100000003008502,True
947b00000008000f000600010101,947b00000006000f00060001,947b00000006000f00060001,True
f4460000000b00100028000204ffff0613,f44600000003009002,f44600000003009002,True
063d0000000b00100028000204ffffa81c,063d00000003009002,063d00000003009002,True
c1f5000000060003afbb0002,c1f500000003008302,c1f500000003008302,True
f5ed0000000b001000280002041b111b11,f5ed00000003009002,f5ed00000003009002,True
17310000000b001000000002045df5ffff,173100000006001000000002,173100000006001000000002,True
8055000000060003fffc0002,805500000003008302,805500000003008302,True
44070000000b001000280002040000603c,440700000003009002,440700000003009002,True
0d51000000060001fffc0002,0d5100000003008102,0d5100000003008102,True
fd96000000060003042e0002,fd9600000003008302,fd9600000003008302,True
1bae0000000600050028ff00,1bae00000003008502,1bae00000003008502,True
215900000008000f002500020101,215900000006000f00250002,215900000006000f00250002,True
3838000000060005fffdff00,383800000003008502,383800000003008502,True
b87f0000000b001000280002040000ffff,b87f00000003009002,b87f00000003009002,True
dcda000000060001fffc0002,dcda00000003008102,dcda00000003008102,True
bef8000000060003fffd0001,bef800000003008302,bef800000003008302,True
05ea000000060005accbff00,05ea00000003008502,05ea00000003008502,True
447400000006000300250002,44740000000700030400000000,4474000000070003040000ffff,False
b77d00000008000f000e00020102,b77d00000006000f000e0002,b77d00000006000f000e0002,True
93b60000000b001000030002040000ffff,93b600000006001000030002,93b600000006001000030002,True
fad4000000060003fffd0001,fad400000003008302,fad400000003008302,True
e6b50000000b00100025000204ffff0000,e6b500000006001000250002,e6b500000006001000250002,True
6cdf000000060005fffdff00,6cdf00000003008502,6cdf00000003008502,True
ece8000000090010fffd0001020000,ece800000003009002,ece800000003009002,True
000000000006000100000001,00000000000400010101,00000000000400010100,False
012a000000060001001e0001,012a0000000400010100,012a0000000400010101,False
626d00000008000f001c00020100,626d00000006000f001c0002,626d00000006000f001c0002,True
62050000000b001000000002040000ffff,620500000006001000000002,620500000006001000000002,True
350700000006000300250002,3507000000070003040febffff,35070000000700030400000000,False
22b900000006000100250002,22b90000000400010103,22b90000000400010103,True
664900000008000f000000010101,664900000006000f00000001,664900000006000f00000001,True
bfa8000000060001fffd0001,bfa800000003008102,bfa800000003008102,True
93bf000000090010000a000102ab21,93bf000000060010000a0001,93bf000000060010000a0001,True
27320000000b00100000000204fffff448,273200000006001000000002,273200000006001000000002,True
90c100000006000100280001,90c100000003008102,90c100000003008102,True
e6a800000006000300000001,e6a800000005000302ffff,e6a8000000050003020000,False
51340000000b0010fffc0002048fe60000,513400000003009002,513400000003009002,True
13b2000000060005fffeff00,13b200000003008502,13b200000003008502,True
d7370000000600056df7ff00,d73700000003008502,d73700000003008502,True
64d500000006000100280002,64d500000003008102,64d500000003008102,True
db0d000000060005fffe0000,db0d00000003008502,db0d00000003008502,True
f18600000006000300240001,f186000000050003020000,f186000000050003020000,True
61b700000006000100280002,61b700000003008102,61b700000003008102,True
0caa00000006000100260001,0caa0000000400010100,0caa0000000400010101,False
7e1100000006000300000002,7e11000000070003043a640000,7e11000000070003040000ffff,False
f2b100000008000f002300020102,f2b100000006000f00230002,f2b100000006000f00230002,True
b13900000006000586fcff00,b13900000003008502,b13900000003008502,True
cfb5000000060005cbd1ff00,cfb500000003008502,cfb500000003008502,True
21f100000006000300280001,21f100000003008302,21f100000003008302,True
99a10000000900100015000102bcdd,99a100000006001000150001,99a100000006001000150001,True
4a9f0000000b0010fffc000204b1880000,4a9f00000003009002,4a9f00000003009002,True
811b00000006000381220001,811b00000003008302,811b00000003008302,True
351700000006000300030001,351700000005000302ffff,3517000000050003020000,False
70d000000008000f000000020102,70d000000006000f00000002,70d000000006000f00000002,True
492500000006000300000002,49250000000700030400000000,492500000007000304ffffffff,False
c35500000006000535d8ff00,c35500000003008502,c35500000003008502,True
0dc1000000060001fffd0001,0dc100000003008102,0dc100000003008102,True
6fa70000000600050028ff00,6fa700000003008502,6fa700000003008502,True
9d830000000b00100000000204ffff0000,9d8300000006001000000002,9d8300000006001000000002,True
092b000000060003fffc0002,092b00000003008302,092b00000003008302,True
46a80000000900100028000102ffff,46a800000003009002,46a800000003009002,True
7f7a00000006000300280002,7f7a00000003008302,7f7a00000003008302,True
8d3d000000090010b5680001022f36,8d3d00000003009002,8d3d00000003009002,True
745200000006000100260001,74520000000400010100,74520000000400010100,True
d1ba000000060003fffc0002,d1ba00000003008302,d1ba00000003008302,True
6c61000000060006fffe3ee5,6c6100000003008602,6c6100000003008602,True
a671000000060003fffc0002,a67100000003008302,a67100000003008302,True
f0cc0000000b00100028000204603c0000,f0cc00000003009002,f0cc00000003009002,True
14f9000000060003000d0002,14f900000007000304c72b0000,14f90000000700030400000000,False
61660000000600060028eec0,616600000003008602,616600000003008602,True
369700000006000100280002,369700000003008102,369700000003008102,True
b0090000000600050028ff00,b00900000003008502,b00900000003008502,True
3a5d000000060003fffc0002,3a5d00000003008302,3a5d00000003008302,True
491800000006000100000002,49180000000400010101,49180000000400010101,True
50b700000006000300280002,50b700000003008302,50b700000003008302,True
f716000000060006001aa4eb,f716000000060006001aa4eb,f716000000060006001aa4eb,True
48e000000008000f000000020100,48e000000006000f00000002,48e000000006000f00000002,True
c081000000060001001e0002,c0810000000400010103,c0810000000400010102,False
f24d000000060001001e0002,f24d0000000400010100,f24d0000000400010101,False
8b0c00000006000300030002,8b0c0000000700030400000000,8b0c00000007000304ffff0000,False
